url,url_length,domain_length,path_length,query_length,fragment_length,subdomain_count,special_char_count,digit_count,letter_count,suspicious_words_count,ip_in_domain,shortened_url,suspicious_tld,domain_age_days,ssl_certificate,redirect_count,suspicious_extension,url_depth,avg_word_length,entropy,suspicious_patterns,label
https://www.amazon.com/support,30,6,8,0,0,1,6,0,24,0,0,0,0,11258,1,0,0,1,4.8,3.8477426785812736,0,0
https://www.linkedin.com/blog,29,8,5,0,0,1,6,0,23,0,0,0,0,8335,1,0,0,1,4.6,4.1162646156680225,0,0
https://www.ibm.com/products,28,3,9,0,0,1,6,0,22,0,0,0,0,14407,1,0,0,1,4.4,3.8693312611115185,0,0
http://www.wikipedia.org/,25,9,1,0,0,1,6,0,19,0,0,0,0,8994,0,0,0,0,4.75,3.7034651896016464,0,0
https://www.slack.com/news?ref=223,34,5,5,7,0,1,8,3,23,0,0,0,0,11999,1,0,0,1,3.8333333333333335,4.278351811711311,0,0
http://www.youtube.com,22,7,0,0,0,1,5,0,17,0,0,0,0,7499,0,0,0,0,4.25,3.663532754804254,0,0
http://www.amazon.com/terms,27,6,6,0,0,1,6,0,21,0,0,0,0,11258,0,0,0,1,4.2,3.8282375018429557,0,0
http://www.adobe.com/privacy,28,5,8,0,0,1,6,0,22,0,0,0,0,14164,0,0,0,1,4.4,4.039148671903071,0,0
http://www.slack.com/login?page=241,35,5,6,8,0,1,8,3,24,1,0,0,0,11999,0,0,0,1,4.0,4.400432302535624,0,0
https://www.netflix.com/,24,7,1,0,0,1,6,0,18,0,0,0,0,10152,1,0,0,0,4.5,3.9072682296173897,0,0
https://www.github.com/support,30,6,8,0,0,1,6,0,24,0,0,0,0,6533,1,0,0,1,4.8,3.831401845392172,0,0
http://www.dropbox.com/help?lang=758,36,7,5,8,0,1,8,3,25,0,0,0,0,11019,0,0,0,1,4.166666666666667,4.41938194564637,0,0
https://www.youtube.com/?id=283,31,7,1,6,0,1,8,3,20,0,0,0,0,7499,1,0,0,0,4.0,4.300497519854926,0,0
https://www.dropbox.com/about,29,7,6,0,0,1,6,0,23,0,0,0,0,0,1,0,0,1,4.6,3.883337460421007,0,0
http://www.dropbox.com/download?lang=98,39,7,9,7,0,1,8,2,29,0,0,0,0,0,0,0,0,1,4.833333333333333,4.23105823222728,0,0
https://www.netflix.com/support,31,7,8,0,0,1,6,0,25,0,0,0,0,0,1,0,0,1,5.0,4.042433003725894,0,0
http://www.spotify.com/signup,29,7,7,0,0,1,6,0,23,0,0,0,0,0,0,0,0,1,4.6,3.9262723741395082,0,0
https://www.youtube.com/news?lang=115,37,7,5,8,0,1,8,3,26,0,0,0,0,0,1,0,0,1,4.333333333333333,4.357837824971465,0,0
http://www.spotify.com/products?category=420,44,7,9,12,0,1,8,3,33,0,0,0,0,0,0,0,0,1,5.5,4.399677289476145,0,0
http://www.dropbox.com/help?category=784,40,7,5,12,0,1,8,3,29,0,0,0,0,0,0,0,0,1,4.833333333333333,4.396439344671015,0,0
http://www.spotify.com/help,27,7,5,0,0,1,6,0,21,0,0,0,0,0,0,0,0,1,4.2,3.8282375018429557,0,0
https://www.slack.com/contact,29,5,8,0,0,1,6,0,23,0,0,0,0,0,1,0,0,1,4.6,3.702471512219747,0,0
https://www.dropbox.com/blog,28,7,5,0,0,1,6,0,22,0,0,0,0,0,1,0,0,1,4.4,3.896291529045928,0,0
http://www.facebook.com/news?lang=710,37,8,5,8,0,1,8,3,26,0,0,0,0,0,0,0,0,1,4.333333333333333,4.411891879025521,0,0
https://www.ibm.com/blog?category=213,37,3,5,12,0,1,8,3,26,0,0,0,0,0,1,0,0,1,4.333333333333333,4.425141203232902,0,0
https://www.youtube.com/products?category=459,45,7,9,12,0,1,8,3,34,0,0,0,0,0,1,0,0,1,5.666666666666667,4.366759974483214,0,0
http://www.facebook.com/?ref=725,32,8,1,7,0,1,8,3,21,0,0,0,0,0,0,0,0,0,4.2,4.241729296672174,0,0
http://www.wikipedia.org,24,9,0,0,0,1,5,0,19,0,0,0,0,0,0,0,0,0,4.75,3.7201755214643453,0,0
http://www.amazon.com/support,29,6,8,0,0,1,6,0,23,0,0,0,0,0,0,0,0,1,4.6,3.8312762533752505,0,0
http://www.spotify.com/help?category=406,40,7,5,12,0,1,8,3,29,0,0,0,0,0,0,0,0,1,4.833333333333333,4.396439344671015,0,0
https://www.netflix.com/blog,28,7,5,0,0,1,6,0,22,0,0,0,0,0,1,0,0,1,4.4,4.0836169753972325,0,0
https://www.google.com/news,27,6,5,0,0,1,6,0,21,0,0,0,0,0,1,0,0,1,4.2,3.736006946447657,0,0
https://www.ibm.com/help,24,3,5,0,0,1,6,0,18,0,0,0,0,0,1,0,0,1,3.6,3.772055208874201,0,0
https://www.wikipedia.org/download,34,9,9,0,0,1,6,0,28,0,0,0,0,0,1,0,0,1,5.6,3.9513101799829657,0,0
https://www.salesforce.com/contact,34,10,8,0,0,1,6,0,28,0,0,0,0,0,1,0,0,1,5.6,3.8810054880546376,0,0
http://www.google.com/news?page=450,35,6,5,8,0,1,8,3,24,0,0,0,0,0,0,0,0,1,4.0,4.185867302411997,0,0
https://www.amazon.com/login,28,6,6,0,0,1,6,0,22,1,0,0,0,0,1,0,0,1,4.4,3.940759832540089,0,0
https://www.dropbox.com/news,28,7,5,0,0,1,6,0,22,0,0,0,0,0,1,0,0,1,4.4,3.8962915290459277,0,0
http://www.dropbox.com/help,27,7,5,0,0,1,6,0,21,0,0,0,0,0,0,0,0,1,4.2,3.8282375018429557,0,0
https://www.slack.com/login,27,5,6,0,0,1,6,0,21,1,0,0,0,0,1,0,0,1,4.2,3.958229168669879,0,0
https://www.facebook.com/download?id=948,40,8,9,6,0,1,8,3,29,0,0,0,0,0,1,0,0,1,4.833333333333333,4.393942707918268,0,0
http://www.wikipedia.org/terms,30,9,6,0,0,1,6,0,24,0,0,0,0,0,0,0,0,1,4.8,3.8980685120588383,0,0
https://www.oracle.com,22,6,0,0,0,1,5,0,17,0,0,0,0,0,1,0,0,0,4.25,3.7887549139935026,0,0
http://www.facebook.com/signup,30,8,7,0,0,1,6,0,24,0,0,0,0,0,0,0,0,1,4.8,4.164735178725505,0,0
https://www.zoom.us?lang=533,28,4,0,8,0,1,7,3,18,0,0,0,0,0,1,0,0,0,3.6,4.208966082694623,0,0
http://www.youtube.com/about,28,7,6,0,0,1,6,0,22,0,0,0,0,0,0,0,0,1,4.4,3.699513850319966,0,0
http://www.ibm.com/products?page=431,36,3,9,8,0,1,8,3,25,0,0,0,0,0,0,0,0,1,4.166666666666667,4.4193819456463705,0,0
https://www.dropbox.com/download,32,7,9,0,0,1,6,0,26,0,0,0,0,0,1,0,0,1,5.2,3.9025182662886326,0,0
http://www.microsoft.com/download,33,9,9,0,0,1,6,0,27,0,0,0,0,0,0,0,0,1,5.4,3.9195633472747033,0,0
http://www.zoom.us/login,24,4,6,0,0,1,6,0,18,1,0,0,0,0,0,0,0,1,3.6,3.8239348962840563,0,0
http://www.apple.com/help,25,5,5,0,0,1,6,0,19,0,0,0,0,0,0,0,0,1,3.8,3.5434651896016467,0,0
https://www.zoom.us/download,28,4,9,0,0,1,6,0,22,0,0,0,0,0,1,0,0,1,4.4,3.7803946541231945,0,0
https://www.stackoverflow.com,29,13,0,0,0,1,5,0,24,0,0,0,0,0,1,0,0,0,6.0,3.9783335811852645,0,0
http://www.linkedin.com/about,29,8,6,0,0,1,6,0,23,0,0,0,0,0,0,0,0,1,4.6,4.090234012145145,0,0
https://www.twitter.com/contact?category=646,44,7,8,12,0,1,8,3,33,0,0,0,0,0,1,0,0,1,5.5,4.106936732175321,0,0
http://www.facebook.com/login,29,8,6,0,0,1,6,0,23,1,0,0,0,0,0,0,0,1,4.6,4.0472990984266435,0,0
http://www.github.com/products,30,6,9,0,0,1,6,0,24,0,0,0,0,0,0,0,0,1,4.8,3.923231428797621,0,0
http://www.github.com/login?page=12,35,6,6,7,0,1,8,2,25,1,0,0,0,0,0,0,0,1,4.166666666666667,4.300153016697711,0,0
http://www.adobe.com/,21,5,1,0,0,1,6,0,15,0,0,0,0,0,0,0,0,0,3.75,3.6537567082870006,0,0
https://www.apple.com/support?lang=559,38,5,8,8,0,1,8,3,27,0,0,0,0,0,1,0,0,1,4.5,4.251235329734974,0,0
https://www.zoom.us/products,28,4,9,0,0,1,6,0,22,0,0,0,0,0,1,0,0,1,4.4,3.743982153814128,0,0
https://www.ibm.com/products,28,3,9,0,0,1,6,0,22,0,0,0,0,0,1,0,0,1,4.4,3.8693312611115185,0,0
https://www.amazon.com/terms?lang=922,37,6,6,8,0,1,8,3,26,0,0,0,0,0,1,0,0,1,4.333333333333333,4.296630730201454,0,0
https://www.zoom.us/login,25,4,6,0,0,1,6,0,19,1,0,0,0,0,1,0,0,1,3.8,3.8332696895151073,0,0
http://www.dropbox.com/contact,30,7,8,0,0,1,6,0,24,0,0,0,0,0,0,0,0,1,4.8,3.7647351787255054,0,0
https://www.twitter.com/services,32,7,9,0,0,1,6,0,26,0,0,0,0,0,1,0,0,1,5.2,3.691428031846024,0,0
https://www.amazon.com/terms?id=305,35,6,6,6,0,1,8,3,24,0,0,0,0,0,1,0,0,1,4.0,4.3572958738405685,0,0
http://www.zoom.us/support?ref=771,34,4,8,7,0,1,8,3,23,0,0,0,0,0,0,0,0,1,3.8333333333333335,4.094097032108653,0,0
https://www.facebook.com/contact,32,8,8,0,0,1,6,0,26,0,0,0,0,0,1,0,0,1,5.2,3.827819531114783,0,0
https://www.netflix.com/signup,30,7,7,0,0,1,6,0,24,0,0,0,0,0,1,0,0,1,4.8,4.0980685120588385,0,0
http://www.slack.com/blog,25,5,5,0,0,1,6,0,19,0,0,0,0,0,0,0,0,1,3.8,3.863465189601646,0,0
http://www.twitter.com/terms?lang=393,37,7,6,8,0,1,8,3,26,0,0,0,0,0,0,0,0,1,4.333333333333333,4.175273297885966,0,0
http://www.twitter.com/terms?category=511,41,7,6,12,0,1,8,3,30,0,0,0,0,0,0,0,0,1,5.0,4.09130451776702,0,0
http://www.google.com/terms?lang=182,36,6,6,8,0,1,8,3,25,0,0,0,0,0,0,0,0,1,4.166666666666667,4.287301737252941,0,0
http://www.slack.com/privacy,28,5,8,0,0,1,6,0,22,0,0,0,0,0,0,0,0,1,4.4,4.012188403968661,0,0
https://www.zoom.us/help,24,4,5,0,0,1,6,0,18,0,0,0,0,0,1,0,0,1,3.6,3.6887218755408675,0,0
https://www.dropbox.com/news?category=378,41,7,5,12,0,1,8,3,30,0,0,0,0,0,1,0,0,1,5.0,4.442679443536939,0,0
http://www.microsoft.com/download,33,9,9,0,0,1,6,0,27,0,0,0,0,0,0,0,0,1,5.4,3.9195633472747033,0,0
https://www.facebook.com/products?page=951,42,8,9,8,0,1,8,3,31,0,0,0,0,0,1,0,0,1,5.166666666666667,4.445307005854539,0,0
http://www.salesforce.com/privacy,33,10,8,0,0,1,6,0,27,0,0,0,0,0,0,0,0,1,5.4,4.1272831343132905,0,0
http://www.google.com/products,30,6,9,0,0,1,6,0,24,0,0,0,0,0,0,0,0,1,4.8,3.8980685120588388,0,0
http://www.ibm.com/services,27,3,9,0,0,1,6,0,21,0,0,0,0,0,0,0,0,1,4.2,3.8841550945958048,0,0
https://www.adobe.com/products,30,5,9,0,0,1,6,0,24,0,0,0,0,0,1,0,0,1,4.8,3.9395722619867226,0,0
https://www.github.com/services,31,6,9,0,0,1,6,0,25,0,0,0,0,0,1,0,0,1,5.0,4.018081793978685,0,0
https://www.slack.com?category=842,34,5,0,12,0,1,7,3,24,0,0,0,0,0,1,0,0,0,4.8,4.373796296941798,0,0
https://www.dropbox.com/about?id=247,36,7,6,6,0,1,8,3,25,0,0,0,0,0,1,0,0,1,4.166666666666667,4.329239931817578,0,0
http://www.dropbox.com?ref=90,29,7,0,6,0,1,7,2,20,0,0,0,0,0,0,0,0,0,4.0,4.1852301329094015,0,0
http://www.apple.com/support?page=304,37,5,8,8,0,1,8,3,26,0,0,0,0,0,0,0,0,1,4.333333333333333,4.188522622093347,0,0
https://www.spotify.com/support,31,7,8,0,0,1,6,0,25,0,0,0,0,0,1,0,0,1,5.0,3.7600172778496526,0,0
https://www.zoom.us/support?ref=873,35,4,8,7,0,1,8,3,24,0,0,0,0,0,1,0,0,1,4.0,4.142730873716943,0,0
http://www.salesforce.com/download,34,10,9,0,0,1,6,0,28,0,0,0,0,0,0,0,0,1,5.6,4.006436738245532,0,0
https://www.stackoverflow.com/news?ref=540,42,13,5,7,0,1,8,3,31,0,0,0,0,0,1,0,0,1,5.166666666666667,4.359363185034614,0,0
https://www.ibm.com/blog,24,3,5,0,0,1,6,0,18,0,0,0,0,0,1,0,0,1,3.6,3.7720552088742005,0,0
http://www.google.com/login?id=61,33,6,6,5,0,1,8,2,23,1,0,0,0,0,0,0,0,1,3.8333333333333335,4.1272831343132905,0,0
http://www.wikipedia.org/,25,9,1,0,0,1,6,0,19,0,0,0,0,0,0,0,0,0,4.75,3.7034651896016464,0,0
http://www.facebook.com/about,29,8,6,0,0,1,6,0,23,0,0,0,0,0,0,0,0,1,4.6,3.8143719431796277,0,0
https://www.ibm.com/products,28,3,9,0,0,1,6,0,22,0,0,0,0,0,1,0,0,1,4.4,3.8693312611115185,0,0
http://www.amazon.com/help?lang=935,35,6,5,8,0,1,8,3,24,0,0,0,0,0,0,0,0,1,4.0,4.264578373902381,0,0
https://www.github.com/about?ref=768,36,6,6,7,0,1,8,3,25,0,0,0,0,0,1,0,0,1,4.166666666666667,4.405764584655452,0,0
http://www.wikipedia.org/help?lang=347,38,9,5,8,0,1,8,3,27,0,0,0,0,0,0,0,0,1,4.5,4.293594289588574,0,0
http://www.slack.com/privacy,28,5,8,0,0,1,6,0,22,0,0,0,0,0,0,0,0,1,4.4,4.012188403968661,0,0
https://www.salesforce.com?category=125,39,10,0,12,0,1,7,3,29,0,0,0,0,0,1,0,0,0,5.8,4.348752859555049,0,0
http://www.github.com,21,6,0,0,0,1,5,0,16,0,0,0,0,0,0,0,0,0,4.0,3.6537567082870006,0,0
http://www.facebook.com/services,32,8,9,0,0,1,6,0,26,0,0,0,0,0,0,0,0,1,5.2,4.069548827786958,0,0
https://www.google.com/products?ref=630,39,6,9,7,0,1,8,3,28,0,0,0,0,0,1,0,0,1,4.666666666666667,4.355539077670187,0,0
https://www.oracle.com/products,31,6,9,0,0,1,6,0,25,0,0,0,0,0,1,0,0,1,5.0,3.9292144551992183,0,0
https://www.slack.com/products?lang=34,38,5,9,7,0,1,8,2,28,0,0,0,0,0,1,0,0,1,4.666666666666667,4.359126526316814,0,0
https://www.twitter.com/about?page=813,38,7,6,8,0,1,8,3,27,0,0,0,0,0,1,0,0,1,4.5,4.240962710641206,0,0
http://www.apple.com,20,5,0,0,0,1,5,0,15,0,0,0,0,0,0,0,0,0,3.75,3.546439344671015,0,0
https://www.adobe.com/blog,26,5,5,0,0,1,6,0,20,0,0,0,0,0,1,0,0,1,4.0,3.921029621737614,0,0
http://www.microsoft.com/privacy,32,9,8,0,0,1,6,0,26,0,0,0,0,0,0,0,0,1,5.2,3.944548827786958,0,0
http://www.dropbox.com/news?ref=816,35,7,5,7,0,1,8,3,24,0,0,0,0,0,0,0,0,1,4.0,4.343289445392767,0,0
https://www.linkedin.com/terms,30,8,6,0,0,1,6,0,24,0,0,0,0,0,1,0,0,1,4.8,4.031401845392171,0,0
http://www.facebook.com/support?id=841,38,8,8,6,0,1,8,3,27,0,0,0,0,0,0,0,0,1,4.5,4.431623565847432,0,0
https://www.github.com/download,31,6,9,0,0,1,6,0,25,0,0,0,0,0,1,0,0,1,5.0,4.042433003725894,0,0
https://www.adobe.com/terms,27,5,6,0,0,1,6,0,21,0,0,0,0,0,1,0,0,1,4.2,3.85619629821938,0,0
http://www.zoom.us/support?category=776,39,4,8,12,0,1,8,3,28,0,0,0,0,0,0,0,0,1,4.666666666666667,4.252974975106084,0,0
http://www.microsoft.com/help,29,9,5,0,0,1,6,0,23,0,0,0,0,0,0,0,0,1,4.6,3.857306856898129,0,0
http://www.oracle.com/terms,27,6,6,0,0,1,6,0,21,0,0,0,0,0,0,0,0,1,4.2,3.782122224145306,0,0
http://www.wikipedia.org/login?page=729,39,9,6,8,0,1,8,3,28,1,0,0,0,0,0,0,0,1,4.666666666666667,4.252974975106084,0,0
http://www.facebook.com/contact,31,8,8,0,0,1,6,0,25,0,0,0,0,0,0,0,0,1,5.0,3.744203568311812,0,0
http://www.dropbox.com/contact,30,7,8,0,0,1,6,0,24,0,0,0,0,0,0,0,0,1,4.8,3.7647351787255054,0,0
https://www.facebook.com/products,33,8,9,0,0,1,6,0,27,0,0,0,0,0,1,0,0,1,5.4,4.043801694853792,0,0
http://www.apple.com/products,29,5,9,0,0,1,6,0,23,0,0,0,0,0,0,0,0,1,4.6,3.883337460421007,0,0
https://www.spotify.com/services,32,7,9,0,0,1,6,0,26,0,0,0,0,0,1,0,0,1,5.2,3.9292292966721747,0,0
http://www.amazon.com/blog?category=532,39,6,5,12,0,1,8,3,28,0,0,0,0,0,0,0,0,1,4.666666666666667,4.387465039153175,0,0
https://www.github.com/privacy,30,6,8,0,0,1,6,0,24,0,0,0,0,0,1,0,0,1,4.8,4.0980685120588385,0,0
https://www.apple.com,21,5,0,0,0,1,5,0,16,0,0,0,0,0,1,0,0,0,4.0,3.6537567082870006,0,0
https://www.salesforce.com/support?page=383,43,10,8,8,0,1,8,3,32,0,0,0,0,0,1,0,0,1,5.333333333333333,4.268719696310996,0,0
https://www.linkedin.com/services?category=28,45,8,9,11,0,1,8,2,35,0,0,0,0,0,1,0,0,1,5.833333333333333,4.502312540485656,0,0
https://www.ibm.com/services,28,3,9,0,0,1,6,0,22,0,0,0,0,0,1,0,0,1,4.4,3.869331261111518,0,0
https://www.wikipedia.org/help?lang=853,39,9,5,8,0,1,8,3,28,0,0,0,0,0,1,0,0,1,4.666666666666667,4.355539077670187,0,0
https://www.github.com/blog,27,6,5,0,0,1,6,0,21,0,0,0,0,0,1,0,0,1,4.2,3.85619629821938,0,0
https://www.twitter.com/signup,30,7,7,0,0,1,6,0,24,0,0,0,0,0,1,0,0,1,4.8,3.8280729963885096,0,0
http://www.apple.com/support?category=369,41,5,8,12,0,1,8,3,30,0,0,0,0,0,0,0,0,1,5.0,4.287447053863761,0,0
http://www.netflix.com/,23,7,1,0,0,1,6,0,17,0,0,0,0,0,0,0,0,0,4.25,3.8164027166443875,0,0
https://www.ibm.com/blog?id=862,31,3,5,6,0,1,8,3,20,0,0,0,0,0,1,0,0,1,3.3333333333333335,4.260332600569877,0,0
https://www.youtube.com,23,7,0,0,0,1,5,0,18,0,0,0,0,0,1,0,0,0,4.5,3.7622673906514947,0,0
http://www.dropbox.com/products?page=222,40,7,9,8,0,1,8,3,29,0,0,0,0,0,0,0,0,1,4.833333333333333,4.246439344671014,0,0
http://www.ibm.com/support,26,3,8,0,0,1,6,0,20,0,0,0,0,0,0,0,0,1,4.0,3.7381493331928657,0,0
http://www.youtube.com/news,27,7,5,0,0,1,6,0,21,0,0,0,0,0,0,0,0,1,4.2,3.8100810205217313,0,0
https://www.salesforce.com/privacy?page=705,43,10,8,8,0,1,8,3,32,0,0,0,0,0,1,0,0,1,5.333333333333333,4.466166789233625,0,0
https://www.oracle.com,22,6,0,0,0,1,5,0,17,0,0,0,0,0,1,0,0,0,4.25,3.7887549139935026,0,0
https://www.stackoverflow.com/privacy?page=373,46,13,8,8,0,1,8,3,35,0,0,0,0,0,1,0,0,1,5.833333333333333,4.468576629687864,0,0
https://www.apple.com/terms,27,5,6,0,0,1,6,0,21,0,0,0,0,0,1,0,0,1,4.2,3.754163427768882,0,0
https://www.linkedin.com/privacy,32,8,8,0,0,1,6,0,26,0,0,0,0,0,1,0,0,1,5.2,4.241729296672174,0,0
http://www.spotify.com/privacy?lang=74,38,7,8,7,0,1,8,2,28,0,0,0,0,0,0,0,0,1,4.666666666666667,4.431623565847431,0,0
https://www.microsoft.com/download,34,9,9,0,0,1,6,0,28,0,0,0,0,0,1,0,0,1,5.6,3.936891797757288,0,0
http://www.twitter.com,22,7,0,0,0,1,5,0,17,0,0,0,0,0,0,0,0,0,4.25,3.386266142526532,0,0
http://www.netflix.com/privacy,30,7,8,0,0,1,6,0,24,0,0,0,0,0,0,0,0,1,4.8,4.164735178725505,0,0
https://www.github.com/about,28,6,6,0,0,1,6,0,22,0,0,0,0,0,1,0,0,1,4.4,3.8248629576173565,0,0
https://www.wikipedia.org/download?page=788,43,9,9,8,0,1,8,3,32,0,0,0,0,0,1,0,0,1,5.333333333333333,4.260242301506339,0,0
http://www.youtube.com/about,28,7,6,0,0,1,6,0,22,0,0,0,0,0,0,0,0,1,4.4,3.699513850319966,0,0
https://www.google.com?id=96,28,6,0,5,0,1,7,2,19,0,0,0,0,0,1,0,0,0,3.8,4.182005814760214,0,0
http://www.adobe.com/about?page=501,35,5,6,8,0,1,8,3,24,0,0,0,0,0,0,0,0,1,4.0,4.221441945207327,0,0
https://www.twitter.com,23,7,0,0,0,1,5,0,18,0,0,0,0,0,1,0,0,0,4.5,3.4970558484728045,0,0
https://www.linkedin.com/download,33,8,9,0,0,1,6,0,27,0,0,0,0,0,1,0,0,1,5.4,3.98319563424773,0,0
https://www.dropbox.com/about?ref=632,37,7,6,7,0,1,8,3,26,0,0,0,0,0,1,0,0,1,4.333333333333333,4.391489514102183,0,0
https://www.adobe.com/support,29,5,8,0,0,1,6,0,23,0,0,0,0,0,1,0,0,1,4.6,3.90024177061663,0,0
https://www.netflix.com/signup,30,7,7,0,0,1,6,0,24,0,0,0,0,0,1,0,0,1,4.8,4.0980685120588385,0,0
http://www.twitter.com/signup?ref=849,37,7,7,7,0,1,8,3,26,0,0,0,0,0,0,0,0,1,4.333333333333333,4.280682339234349,0,0
http://www.facebook.com/help,28,8,5,0,0,1,6,0,22,0,0,0,0,0,0,0,0,1,4.4,3.869331261111518,0,0
https://www.google.com/?page=712,32,6,1,8,0,1,8,3,21,0,0,0,0,0,1,0,0,0,4.2,4.155639062229566,0,0
http://www.microsoft.com/support,32,9,8,0,0,1,6,0,26,0,0,0,0,0,0,0,0,1,5.2,3.7417292966721747,0,0
https://www.twitter.com/services,32,7,9,0,0,1,6,0,26,0,0,0,0,0,1,0,0,1,5.2,3.691428031846024,0,0
https://www.google.com/contact,30,6,8,0,0,1,6,0,24,0,0,0,0,0,1,0,0,1,4.8,3.7647351787255054,0,0
https://www.youtube.com/help,28,7,5,0,0,1,6,0,22,0,0,0,0,0,1,0,0,1,4.4,3.8693312611115176,0,0
http://www.apple.com/products?ref=836,37,5,9,7,0,1,8,3,26,0,0,0,0,0,0,0,0,1,4.333333333333333,4.3374354600481295,0,0
https://www.netflix.com/,24,7,1,0,0,1,6,0,18,0,0,0,0,0,1,0,0,0,4.5,3.9072682296173897,0,0
https://www.linkedin.com/contact,32,8,8,0,0,1,6,0,26,0,0,0,0,0,1,0,0,1,5.2,3.9681390622295662,0,0
https://www.salesforce.com/privacy,34,10,8,0,0,1,6,0,28,0,0,0,0,0,1,0,0,1,5.6,4.1162996057016965,0,0
http://www.netflix.com/news?ref=165,35,7,5,7,0,1,8,3,24,0,0,0,0,0,0,0,0,1,4.0,4.321721231045238,0,0
http://www.salesforce.com/signup?category=514,45,10,7,12,0,1,8,3,34,0,0,0,0,0,0,0,0,1,5.666666666666667,4.529981707104245,0,0
http://www.salesforce.com/blog,30,10,5,0,0,1,6,0,24,0,0,0,0,0,0,0,0,1,4.8,4.031401845392171,0,0
http://www.google.com/signup,28,6,7,0,0,1,6,0,22,0,0,0,0,0,0,0,0,1,4.4,3.91379956460568,0,0
https://www.wikipedia.org/services,34,9,9,0,0,1,6,0,28,0,0,0,0,0,1,0,0,1,5.6,3.962031591059445,0,0
https://www.amazon.com/support,30,6,8,0,0,1,6,0,24,0,0,0,0,0,1,0,0,1,4.8,3.8477426785812736,0,0
http://www.oracle.com/,22,6,1,0,0,1,6,0,16,0,0,0,0,0,0,0,0,0,4.0,3.663532754804254,0,0
https://www.dropbox.com/login,29,7,6,0,0,1,6,0,23,1,0,0,0,0,1,0,0,1,4.6,4.0472990984266435,0,0
http://www.slack.com/news,25,5,5,0,0,1,6,0,19,0,0,0,0,0,0,0,0,1,3.8,3.813660689688185,0,0
http://www.wikipedia.org/download,33,9,9,0,0,1,6,0,27,0,0,0,0,0,0,0,0,1,5.4,3.873812589567827,0,0
https://www.twitter.com/terms,29,7,6,0,0,1,6,0,23,0,0,0,0,0,1,0,0,1,4.6,3.53850987421411,0,0
http://www.netflix.com/contact,30,7,8,0,0,1,6,0,24,0,0,0,0,0,0,0,0,1,4.8,3.8444138295776114,0,0
http://www.wikipedia.org/download,33,9,9,0,0,1,6,0,27,0,0,0,0,0,0,0,0,1,5.4,3.873812589567827,0,0
https://www.facebook.com/login,30,8,6,0,0,1,6,0,24,1,0,0,0,0,1,0,0,1,4.8,4.123231428797621,0,0
http://www.stackoverflow.com/services,37,13,9,0,0,1,6,0,31,0,0,0,0,0,0,0,0,1,6.2,4.060012149061902,0,0
http://www.salesforce.com/services?ref=381,42,10,9,7,0,1,8,3,31,0,0,0,0,0,0,0,0,1,5.166666666666667,4.282098601752792,0,0
https://www.wikipedia.org/services,34,9,9,0,0,1,6,0,28,0,0,0,0,0,1,0,0,1,5.6,3.962031591059445,0,0
https://www.spotify.com/privacy,31,7,8,0,0,1,6,0,25,0,0,0,0,0,1,0,0,1,5.0,3.953565664946427,0,0
https://www.facebook.com/news?lang=555,38,8,5,8,0,1,8,3,27,0,0,0,0,0,1,0,0,1,4.5,4.293594289588574,0,0
http://www.google.com/terms,27,6,6,0,0,1,6,0,21,0,0,0,0,0,0,0,0,1,4.2,3.7541634277688813,0,0
http://www.linkedin.com/login,29,8,6,0,0,1,6,0,23,1,0,0,0,0,0,0,0,1,4.6,3.9262723741395074,0,0
http://www.salesforce.com,25,10,0,0,0,1,5,0,20,0,0,0,0,0,0,0,0,0,5.0,3.893660689688185,0,0
https://www.apple.com/products,30,5,9,0,0,1,6,0,24,0,0,0,0,0,1,0,0,1,4.8,3.8980685120588388,0,0
https://www.github.com/contact?category=13,42,6,8,11,0,1,8,2,32,0,0,0,0,0,1,0,0,1,5.333333333333333,4.3024498629973955,0,0
https://www.stackoverflow.com,29,13,0,0,0,1,5,0,24,0,0,0,0,0,1,0,0,0,6.0,3.9783335811852645,0,0
https://www.twitter.com/login?ref=114,37,7,6,7,0,1,8,3,26,1,0,0,0,0,1,0,0,1,4.333333333333333,4.226628285180294,0,0
https://www.dropbox.com/login,29,7,6,0,0,1,6,0,23,1,0,0,0,0,1,0,0,1,4.6,4.0472990984266435,0,0
https://www.oracle.com/privacy,30,6,8,0,0,1,6,0,24,0,0,0,0,0,1,0,0,1,4.8,4.031401845392171,0,0
https://www.stackoverflow.com/products,38,13,9,0,0,1,6,0,32,0,0,0,0,0,1,0,0,1,6.4,4.083067973799102,0,0
http://www.salesforce.com/help?ref=940,38,10,5,7,0,1,8,3,27,0,0,0,0,0,0,0,0,1,4.5,4.260828171224455,0,0
https://www.microsoft.com/signup?page=478,41,9,7,8,0,1,8,3,30,0,0,0,0,0,1,0,0,1,5.0,4.417812370155136,0,0
https://www.facebook.com/services,33,8,9,0,0,1,6,0,27,0,0,0,0,0,1,0,0,1,5.4,4.058656997752975,0,0
https://www.wikipedia.org/login,31,9,6,0,0,1,6,0,25,1,0,0,0,0,1,0,0,1,5.0,3.962103165155795,0,0
https://www.linkedin.com/about,30,8,6,0,0,1,6,0,24,0,0,0,0,0,1,0,0,1,4.8,4.164735178725505,0,0
https://www.spotify.com/privacy?category=187,44,7,8,12,0,1,8,3,33,0,0,0,0,0,1,0,0,1,5.5,4.401946959251369,0,0
http://www.twitter.com/help?lang=642,36,7,5,8,0,1,8,3,25,0,0,0,0,0,0,0,0,1,4.166666666666667,4.215354779870081,0,0
https://www.twitter.com/news,28,7,5,0,0,1,6,0,22,0,0,0,0,0,1,0,0,1,4.4,3.5939917630919935,0,0
http://www.wikipedia.org?ref=259,32,9,0,7,0,1,7,3,22,0,0,0,0,0,0,0,0,0,4.4,4.226409765557392,0,0
https://www.facebook.com/blog,29,8,5,0,0,1,6,0,23,0,0,0,0,0,1,0,0,1,4.6,3.9783335811852645,0,0
http://www.google.com/products,30,6,9,0,0,1,6,0,24,0,0,0,0,0,0,0,0,1,4.8,3.8980685120588388,0,0
http://www.wikipedia.org/about,30,9,6,0,0,1,6,0,24,0,0,0,0,0,0,0,0,1,4.8,3.8980685120588383,0,0
http://www.github.com/login?ref=43,34,6,6,6,0,1,8,2,24,1,0,0,0,0,0,0,0,1,4.0,4.373796296941798,0,0
http://www.twitter.com/about,28,7,6,0,0,1,6,0,22,0,0,0,0,0,0,0,0,1,4.4,3.6550455468258036,0,0
http://www.wikipedia.org/help,29,9,5,0,0,1,6,0,23,0,0,0,0,0,0,0,0,1,4.6,3.8143719431796277,0,0
http://www.netflix.com/support?category=443,43,7,8,12,0,1,8,3,32,0,0,0,0,0,0,0,0,1,5.333333333333333,4.4813998597464995,0,0
http://www.spotify.com/login,28,7,6,0,0,1,6,0,22,1,0,0,0,0,0,0,0,1,4.4,3.91379956460568,0,0
http://www.ibm.com/terms,24,3,6,0,0,1,6,0,18,0,0,0,0,0,0,0,0,1,3.6,3.709147917027245,0,0
http://www.amazon.com/support,29,6,8,0,0,1,6,0,23,0,0,0,0,0,0,0,0,1,4.6,3.8312762533752505,0,0
https://www.twitter.com/login?page=609,38,7,6,8,0,1,8,3,27,1,0,0,0,0,1,0,0,1,4.5,4.290966250901473,0,0
http://www.apple.com/privacy,28,5,8,0,0,1,6,0,22,0,0,0,0,0,0,0,0,1,4.4,3.8962915290459277,0,0
http://www.salesforce.com/privacy,33,10,8,0,0,1,6,0,27,0,0,0,0,0,0,0,0,1,5.4,4.1272831343132905,0,0
http://www.spotify.com,22,7,0,0,0,1,5,0,17,0,0,0,0,0,0,0,0,0,4.25,3.6635327548042538,0,0
http://www.linkedin.com/help,28,8,5,0,0,1,6,0,22,0,0,0,0,0,0,0,0,1,4.4,3.8962915290459277,0,0
https://www.google.com/contact,30,6,8,0,0,1,6,0,24,0,0,0,0,0,1,0,0,1,4.8,3.7647351787255054,0,0
https://www.facebook.com/blog,29,8,5,0,0,1,6,0,23,0,0,0,0,0,1,0,0,1,4.6,3.9783335811852645,0,0
https://www.facebook.com/login,30,8,6,0,0,1,6,0,24,1,0,0,0,0,1,0,0,1,4.8,4.123231428797621,0,0
https://www.microsoft.com/services,34,9,9,0,0,1,6,0,28,0,0,0,0,0,1,0,0,1,5.6,3.8588029144615947,0,0
http://www.ibm.com,18,3,0,0,0,1,5,0,13,0,0,0,0,0,0,0,0,0,3.25,3.4613201402110083,0,0
https://www.adobe.com/services,30,5,9,0,0,1,6,0,24,0,0,0,0,0,1,0,0,1,4.8,4.0062389286533895,0,0
https://www.slack.com/about,27,5,6,0,0,1,6,0,21,0,0,0,0,0,1,0,0,1,4.2,3.85619629821938,0,0
https://www.wikipedia.org/privacy,33,9,8,0,0,1,6,0,27,0,0,0,0,0,1,0,0,1,5.4,4.028946391954607,0,0
http://www.stackoverflow.com/support,36,13,8,0,0,1,6,0,30,0,0,0,0,0,0,0,0,1,6.0,4.016875695766563,0,0
http://www.wikipedia.org/download,33,9,9,0,0,1,6,0,27,0,0,0,0,0,0,0,0,1,5.4,3.873812589567827,0,0
http://www.slack.com/privacy,28,5,8,0,0,1,6,0,22,0,0,0,0,0,0,0,0,1,4.4,4.012188403968661,0,0
http://www.youtube.com/login,28,7,6,0,0,1,6,0,22,1,0,0,0,0,0,0,0,1,4.4,3.9852281360342516,0,0
https://www.oracle.com/blog,27,6,5,0,0,1,6,0,21,0,0,0,0,0,1,0,0,1,4.2,3.9302703722934544,0,0
http://www.apple.com/support?ref=188,36,5,8,7,0,1,8,3,25,0,0,0,0,0,0,0,0,1,4.166666666666667,4.173416585305445,0,0
https://www.spotify.com/terms?page=676,38,7,6,8,0,1,8,3,27,0,0,0,0,0,1,0,0,1,4.5,4.273728829005325,0,0
https://www.youtube.com/about,29,7,6,0,0,1,6,0,23,0,0,0,0,0,1,0,0,1,4.6,3.788341339656749,0,0
http://www.wikipedia.org/support,32,9,8,0,0,1,6,0,26,0,0,0,0,0,0,0,0,1,5.2,3.8667292966721747,0,0
https://www.github.com/news,27,6,5,0,0,1,6,0,21,0,0,0,0,0,1,0,0,1,4.2,3.8841550945958057,0,0
https://www.microsoft.com/help,30,9,5,0,0,1,6,0,24,0,0,0,0,0,1,0,0,1,4.8,3.872905595320056,0,0
https://www.zoom.us/privacy?page=607,36,4,8,8,0,1,8,3,25,0,0,0,0,0,1,0,0,1,4.166666666666667,4.495906598484244,0,0
http://www.facebook.com/products,32,8,9,0,0,1,6,0,26,0,0,0,0,0,0,0,0,1,5.2,4.030639062229566,0,0
https://www.spotify.com/,24,7,1,0,0,1,6,0,18,0,0,0,0,0,1,0,0,0,4.5,3.6572682296173897,0,0
https://www.wikipedia.org/news?ref=366,38,9,5,7,0,1,8,3,27,0,0,0,0,0,1,0,0,1,4.5,4.251235329734975,0,0
https://www.facebook.com/support,32,8,8,0,0,1,6,0,26,0,0,0,0,0,1,0,0,1,5.2,3.9681390622295662,0,0
https://www.amazon.com/privacy,30,6,8,0,0,1,6,0,24,0,0,0,0,0,1,0,0,1,4.8,4.031401845392171,0,0
https://www.linkedin.com/services,33,8,9,0,0,1,6,0,27,0,0,0,0,0,1,0,0,1,5.4,4.081532376606414,0,0
https://www.stackoverflow.com/privacy,37,13,8,0,0,1,6,0,31,0,0,0,0,0,1,0,0,1,6.2,4.15487093296263,0,0
https://www.zoom.us/help,24,4,5,0,0,1,6,0,18,0,0,0,0,0,1,0,0,1,3.6,3.6887218755408675,0,0
https://www.github.com/services,31,6,9,0,0,1,6,0,25,0,0,0,0,0,1,0,0,1,5.0,4.018081793978685,0,0
http://www.linkedin.com/about,29,8,6,0,0,1,6,0,23,0,0,0,0,0,0,0,0,1,4.6,4.090234012145145,0,0
http://www.slack.com/products,29,5,9,0,0,1,6,0,23,0,0,0,0,0,0,0,0,1,4.6,3.926272374139508,0,0
https://www.amazon.com/signup,29,6,7,0,0,1,6,0,23,0,0,0,0,0,1,0,0,1,4.6,3.978333581185264,0,0
https://www.google.com/signup,29,6,7,0,0,1,6,0,23,0,0,0,0,0,1,0,0,1,4.6,3.9262723741395074,0,0
http://www.stackoverflow.com/services,37,13,9,0,0,1,6,0,31,0,0,0,0,0,0,0,0,1,6.2,4.060012149061902,0,0
https://www.spotify.com?category=545,36,7,0,12,0,1,7,3,26,0,0,0,0,0,1,0,0,0,5.2,4.294653473544341,0,0
http://www.amazon.com/services,30,6,9,0,0,1,6,0,24,0,0,0,0,0,0,0,0,1,4.8,4.056564762130954,0,0
https://www.stackoverflow.com/help,34,13,5,0,0,1,6,0,28,0,0,0,0,0,1,0,0,1,5.6,4.02085512047121,0,0
https://www.apple.com?page=585,30,5,0,8,0,1,7,3,20,0,0,0,0,0,1,0,0,0,4.0,4.081727678869736,0,0
https://www.oracle.com/blog?lang=342,36,6,5,8,0,1,8,3,25,0,0,0,0,0,1,0,0,1,4.166666666666667,4.363826390090815,0,0
https://www.github.com/download?ref=953,39,6,9,7,0,1,8,3,28,0,0,0,0,0,1,0,0,1,4.666666666666667,4.560667282798391,0,0
https://www.dropbox.com/services,32,7,9,0,0,1,6,0,26,0,0,0,0,0,1,0,0,1,5.2,4.030639062229566,0,0
https://www.wikipedia.org/products?ref=240,42,9,9,7,0,1,8,3,31,0,0,0,0,0,1,0,0,1,5.166666666666667,4.39768795823549,0,0
http://www.ibm.com/login,24,3,6,0,0,1,6,0,18,1,0,0,0,0,0,0,0,1,3.6,3.7720552088742005,0,0
http://www.wikipedia.org/terms,30,9,6,0,0,1,6,0,24,0,0,0,0,0,0,0,0,1,4.8,3.8980685120588383,0,0
http://www.oracle.com/blog,26,6,5,0,0,1,6,0,20,0,0,0,0,0,0,0,0,1,4.0,3.8441065448145375,0,0
https://www.stackoverflow.com/,30,13,1,0,0,1,6,0,24,0,0,0,0,0,1,0,0,0,6.0,3.964735178725505,0,0
http://www.github.com/news,26,6,5,0,0,1,6,0,20,0,0,0,0,0,0,0,0,1,4.0,3.873140679513132,0,0
https://www.netflix.com,23,7,0,0,0,1,5,0,18,0,0,0,0,0,1,0,0,0,4.5,3.9361804341297555,0,0
https://www.google.com/support,30,6,8,0,0,1,6,0,24,0,0,0,0,0,1,0,0,1,4.8,3.8062389286533898,0,0
http://www.oracle.com/privacy,29,6,8,0,0,1,6,0,23,0,0,0,0,0,0,0,0,1,4.6,3.9523029776623857,0,0
http://www.stackoverflow.com/privacy,36,13,8,0,0,1,6,0,30,0,0,0,0,0,0,0,0,1,6.0,4.141604167868593,0,0
https://www.netflix.com/,24,7,1,0,0,1,6,0,18,0,0,0,0,0,1,0,0,0,4.5,3.9072682296173897,0,0
https://www.ibm.com/contact,27,3,8,0,0,1,6,0,21,0,0,0,0,0,1,0,0,1,4.2,3.7080481500712317,0,0
https://www.stackoverflow.com,29,13,0,0,0,1,5,0,24,0,0,0,0,0,1,0,0,0,6.0,3.9783335811852645,0,0
http://www.amazon.com/privacy,29,6,8,0,0,1,6,0,23,0,0,0,0,0,0,0,0,1,4.6,3.952302977662386,0,0
http://www.stackoverflow.com/services,37,13,9,0,0,1,6,0,31,0,0,0,0,0,0,0,0,1,6.2,4.060012149061902,0,0
http://www.github.com,21,6,0,0,0,1,5,0,16,0,0,0,0,0,0,0,0,0,4.0,3.6537567082870006,0,0
https://www.dropbox.com/blog,28,7,5,0,0,1,6,0,22,0,0,0,0,0,1,0,0,1,4.4,3.896291529045928,0,0
http://www.dropbox.com/contact,30,7,8,0,0,1,6,0,24,0,0,0,0,0,0,0,0,1,4.8,3.7647351787255054,0,0
http://www.microsoft.com/contact?ref=432,40,9,8,7,0,1,8,3,29,0,0,0,0,0,0,0,0,1,4.833333333333333,4.193942707918268,0,0
http://www.facebook.com/blog,28,8,5,0,0,1,6,0,22,0,0,0,0,0,0,0,0,1,4.4,3.8962915290459277,0,0
http://www.oracle.com/download,30,6,9,0,0,1,6,0,24,0,0,0,0,0,0,0,0,1,4.8,3.8150610122030693,0,0
http://www.google.com/support,29,6,8,0,0,1,6,0,23,0,0,0,0,0,0,0,0,1,4.6,3.78834133965675,0,0
http://www.apple.com/support,28,5,8,0,0,1,6,0,22,0,0,0,0,0,0,0,0,1,4.4,3.7404155298816324,0,0
https://www.zoom.us/,20,4,1,0,0,1,6,0,14,0,0,0,0,0,1,0,0,0,3.5,3.446439344671015,0,0
https://www.oracle.com/signup,29,6,7,0,0,1,6,0,23,0,0,0,0,0,1,0,0,1,4.6,4.1162646156680225,0,0
https://www.adobe.com/contact,29,5,8,0,0,1,6,0,23,0,0,0,0,0,1,0,0,1,4.6,3.788341339656749,0,0
https://www.facebook.com,24,8,0,0,0,1,5,0,19,0,0,0,0,0,1,0,0,0,4.75,3.855388542207534,0,0
http://www.apple.com/download,29,5,9,0,0,1,6,0,23,0,0,0,0,0,0,0,0,1,4.6,3.745406425938248,0,0
http://www.slack.com/blog,25,5,5,0,0,1,6,0,19,0,0,0,0,0,0,0,0,1,3.8,3.863465189601646,0,0
https://www.oracle.com/login?page=354,37,6,6,8,0,1,8,3,26,1,0,0,0,0,1,0,0,1,4.333333333333333,4.391489514102184,0,0
https://www.twitter.com/,24,7,1,0,0,1,6,0,18,0,0,0,0,0,1,0,0,0,4.5,3.486440501696145,0,0
http://www.facebook.com/products,32,8,9,0,0,1,6,0,26,0,0,0,0,0,0,0,0,1,5.2,4.030639062229566,0,0
http://www.netflix.com,22,7,0,0,0,1,5,0,17,0,0,0,0,0,0,0,0,0,4.25,3.845350936622435,0,0
http://www.github.com/?lang=910,31,6,1,8,0,1,8,3,20,0,0,0,0,0,0,0,0,0,4.0,4.300497519854926,0,0
https://www.facebook.com/download,33,8,9,0,0,1,6,0,27,0,0,0,0,0,1,0,0,1,5.4,4.003044786734202,0,0
http://www.salesforce.com/signup,32,10,7,0,0,1,6,0,26,0,0,0,0,0,0,0,0,1,5.2,4.179229296672174,0,0
https://www.facebook.com/blog?category=921,42,8,5,12,0,1,8,3,31,0,0,0,0,0,1,0,0,1,5.166666666666667,4.424955744609934,0,0
http://www.twitter.com?category=341,35,7,0,12,0,1,7,3,25,0,0,0,0,0,0,0,0,0,5.0,4.114718016821338,0,0
https://www.adobe.com/products?ref=828,38,5,9,7,0,1,8,3,27,0,0,0,0,0,1,0,0,1,4.5,4.326360407952694,0,0
https://www.oracle.com/login?id=817,35,6,6,6,0,1,8,3,24,1,0,0,0,0,1,0,0,1,4.0,4.436006945330953,0,0
http://www.google.com/terms,27,6,6,0,0,1,6,0,21,0,0,0,0,0,0,0,0,1,4.2,3.7541634277688813,0,0
https://www.microsoft.com/privacy?id=504,40,9,8,6,0,1,8,3,29,0,0,0,0,0,1,0,0,1,4.833333333333333,4.358694969562841,0,0
https://www.github.com?category=853,35,6,0,12,0,1,7,3,25,0,0,0,0,0,1,0,0,0,5.0,4.422000516883151,0,0
http://www.amazon.com/help,26,6,5,0,0,1,6,0,20,0,0,0,0,0,0,0,0,1,4.0,3.7962176025900556,0,0
https://www.zoom.us/news,24,4,5,0,0,1,6,0,18,0,0,0,0,0,1,0,0,1,3.6,3.605388542207534,0,0
http://www.twitter.com/about,28,7,6,0,0,1,6,0,22,0,0,0,0,0,0,0,0,1,4.4,3.6550455468258036,0,0
http://www.wikipedia.org/terms?id=699,37,9,6,6,0,1,8,3,26,0,0,0,0,0,0,0,0,1,4.333333333333333,4.195675662809303,0,0
http://www.microsoft.com/terms,30,9,6,0,0,1,6,0,24,0,0,0,0,0,0,0,0,1,4.8,3.7395722619867224,0,0
http://www.salesforce.com/blog,30,10,5,0,0,1,6,0,24,0,0,0,0,0,0,0,0,1,4.8,4.031401845392171,0,0
https://www.slack.com/contact,29,5,8,0,0,1,6,0,23,0,0,0,0,0,1,0,0,1,4.6,3.702471512219747,0,0
https://www.github.com/support,30,6,8,0,0,1,6,0,24,0,0,0,0,0,1,0,0,1,4.8,3.831401845392172,0,0
https://www.stackoverflow.com/products,38,13,9,0,0,1,6,0,32,0,0,0,0,0,1,0,0,1,6.4,4.083067973799102,0,0
http://www.netflix.com/help?id=381,34,7,5,6,0,1,8,3,23,0,0,0,0,0,0,0,0,1,3.8333333333333335,4.314972767530033,0,0
http://www.spotify.com/?lang=316,32,7,1,8,0,1,8,3,21,0,0,0,0,0,0,0,0,0,4.2,4.366729296672174,0,0
https://www.oracle.com/login?page=997,37,6,6,8,0,1,8,3,26,1,0,0,0,0,1,0,0,1,4.333333333333333,4.3374354600481295,0,0
https://www.slack.com/download,30,5,9,0,0,1,6,0,24,0,0,0,0,0,1,0,0,1,4.8,3.8565647621309536,0,0
https://www.apple.com/,22,5,1,0,0,1,6,0,16,0,0,0,0,0,1,0,0,0,4.0,3.629219686524096,0,0
http://www.microsoft.com/login,30,9,6,0,0,1,6,0,24,1,0,0,0,0,0,0,0,1,4.8,3.8980685120588388,0,0
http://www.slack.com/services?lang=326,38,5,9,8,0,1,8,3,27,0,0,0,0,0,0,0,0,1,4.5,4.4842551447948,0,0
https://www.facebook.com,24,8,0,0,0,1,5,0,19,0,0,0,0,0,1,0,0,0,4.75,3.855388542207534,0,0
http://www.dropbox.com/privacy?id=703,37,7,8,6,0,1,8,3,26,0,0,0,0,0,0,0,0,1,4.333333333333333,4.371087149178846,0,0
https://www.apple.com/privacy?category=560,42,5,8,12,0,1,8,3,31,0,0,0,0,0,1,0,0,1,5.166666666666667,4.3976879582354895,0,0
https://www.ibm.com/terms?category=926,38,3,6,12,0,1,8,3,27,0,0,0,0,0,1,0,0,1,4.5,4.346225868535943,0,0
https://www.google.com/signup,29,6,7,0,0,1,6,0,23,0,0,0,0,0,1,0,0,1,4.6,3.9262723741395074,0,0
https://www.google.com/terms,28,6,6,0,0,1,6,0,22,0,0,0,0,0,1,0,0,1,4.4,3.7709424217485368,0,0
http://www.spotify.com/contact?ref=494,38,7,8,7,0,1,8,3,27,0,0,0,0,0,0,0,0,1,4.5,4.231369869151726,0,0
https://www.oracle.com/support,30,6,8,0,0,1,6,0,24,0,0,0,0,0,1,0,0,1,4.8,3.8477426785812736,0,0
https://www.twitter.com/privacy,31,7,8,0,0,1,6,0,25,0,0,0,0,0,1,0,0,1,5.0,3.8456631498513816,0,0
http://www.twitter.com/login?lang=170,37,7,6,8,0,1,8,3,26,1,0,0,0,0,0,0,0,1,4.333333333333333,4.226628285180295,0,0
http://www.microsoft.com/,25,9,1,0,0,1,6,0,19,0,0,0,0,0,0,0,0,0,4.75,3.643074189428569,0,0
https://www.salesforce.com/download,35,10,9,0,0,1,6,0,29,0,0,0,0,0,1,0,0,1,5.8,4.000432302535624,0,0
http://www.twitter.com/signup,29,7,7,0,0,1,6,0,23,0,0,0,0,0,0,0,0,1,4.6,3.810928306279287,0,0
http://www.salesforce.com/products,34,10,9,0,0,1,6,0,28,0,0,0,0,0,0,0,0,1,5.6,4.013070929103845,0,0
https://www.adobe.com/privacy,29,5,8,0,0,1,6,0,23,0,0,0,0,0,1,0,0,1,4.6,4.116264615668023,0,0
https://www.ibm.com/download,28,3,9,0,0,1,6,0,22,0,0,0,0,0,1,0,0,1,4.4,3.8962915290459272,0,0
http://www.netflix.com/blog,27,7,5,0,0,1,6,0,21,0,0,0,0,0,0,0,0,1,4.2,4.004344446367529,0,0
http://www.slack.com?lang=494,29,5,0,8,0,1,7,3,19,0,0,0,0,0,0,0,0,0,3.8,4.21126073643228,0,0
https://www.facebook.com/help?category=630,42,8,5,12,0,1,8,3,31,0,0,0,0,0,1,0,0,1,5.166666666666667,4.445307005854539,0,0
https://www.adobe.com/,22,5,1,0,0,1,6,0,16,0,0,0,0,0,1,0,0,0,4.0,3.7544418457133446,0,0
https://www.salesforce.com,26,10,0,0,0,1,5,0,21,0,0,0,0,0,1,0,0,0,5.25,3.8731406795131327,0,0
https://www.adobe.com/signup,28,5,7,0,0,1,6,0,22,0,0,0,0,0,1,0,0,1,4.4,4.110577243331642,0,0
http://www.adobe.com/services?id=28,35,5,9,5,0,1,8,2,25,0,0,0,0,0,0,0,0,1,4.166666666666667,4.321721231045239,0,0
https://www.microsoft.com/help,30,9,5,0,0,1,6,0,24,0,0,0,0,0,1,0,0,1,4.8,3.872905595320056,0,0
https://www.facebook.com/about,30,8,6,0,0,1,6,0,24,0,0,0,0,0,1,0,0,1,4.8,3.8980685120588383,0,0
https://www.salesforce.com/support,34,10,8,0,0,1,6,0,28,0,0,0,0,0,1,0,0,1,5.6,3.917626443873359,0,0
https://www.ibm.com/products,28,3,9,0,0,1,6,0,22,0,0,0,0,0,1,0,0,1,4.4,3.8693312611115185,0,0
https://www.google.com/download,31,6,9,0,0,1,6,0,25,0,0,0,0,0,1,0,0,1,5.0,3.845663149851382,0,0
http://www.dropbox.com/blog,27,7,5,0,0,1,6,0,21,0,0,0,0,0,0,0,0,1,4.2,3.8100810205217313,0,0
https://www.linkedin.com/terms?ref=604,38,8,6,7,0,1,8,3,27,0,0,0,0,0,1,0,0,1,4.5,4.431623565847431,0,0
https://www.microsoft.com/help,30,9,5,0,0,1,6,0,24,0,0,0,0,0,1,0,0,1,4.8,3.872905595320056,0,0
https://www.amazon.com/terms,28,6,6,0,0,1,6,0,22,0,0,0,0,0,1,0,0,1,4.4,3.8423709931771084,0,0
http://www.adobe.com/signup,27,5,7,0,0,1,6,0,21,0,0,0,0,0,0,0,0,1,4.2,4.106377316818028,0,0
https://www.amazon.com/signup,29,6,7,0,0,1,6,0,23,0,0,0,0,0,1,0,0,1,4.6,3.978333581185264,0,0
https://www.adobe.com/about,27,5,6,0,0,1,6,0,21,0,0,0,0,0,1,0,0,1,4.2,3.8282375018429553,0,0
http://www.facebook.com/terms?page=390,38,8,6,8,0,1,8,3,27,0,0,0,0,0,0,0,0,1,4.5,4.359126526316814,0,0
https://www.spotify.com,23,7,0,0,0,1,5,0,18,0,0,0,0,0,1,0,0,0,4.5,3.6753108689123644,0,0
http://www.zoom.us/news,23,4,5,0,0,1,6,0,17,0,0,0,0,0,0,0,0,1,3.4,3.6211755429194716,0,0
http://www.adobe.com/privacy,28,5,8,0,0,1,6,0,22,0,0,0,0,0,0,0,0,1,4.4,4.039148671903071,0,0
https://www.facebook.com/services,33,8,9,0,0,1,6,0,27,0,0,0,0,0,1,0,0,1,5.4,4.058656997752975,0,0
https://www.stackoverflow.com/about,35,13,6,0,0,1,6,0,29,0,0,0,0,0,1,0,0,1,5.8,4.079143374026009,0,0
https://www.zoom.us/?category=832,33,4,1,12,0,1,8,3,22,0,0,0,0,0,1,0,0,0,4.4,4.346831997884095,0,0
http://www.twitter.com/news?id=698,34,7,5,6,0,1,8,3,23,0,0,0,0,0,0,0,0,1,3.8333333333333335,4.088222592690424,0,0
https://www.github.com/services,31,6,9,0,0,1,6,0,25,0,0,0,0,0,1,0,0,1,5.0,4.018081793978685,0,0
http://www.github.com/download?id=998,37,6,9,6,0,1,8,3,26,0,0,0,0,0,0,0,0,1,4.333333333333333,4.2629790410707376,0,0
https://www.amazon.com/news,27,6,5,0,0,1,6,0,21,0,0,0,0,0,1,0,0,1,4.2,3.7639657428240816,0,0
http://www.adobe.com/help,25,5,5,0,0,1,6,0,19,0,0,0,0,0,0,0,0,1,3.8,3.783465189601646,0,0
http://www.dropbox.com/services,31,7,9,0,0,1,6,0,25,0,0,0,0,0,0,0,0,1,5.0,4.042433003725894,0,0
http://www.adobe.com/blog,25,5,5,0,0,1,6,0,19,0,0,0,0,0,0,0,0,1,3.8,3.8332696895151073,0,0
http://www.adobe.com/login?category=318,39,5,6,12,0,1,8,3,28,1,0,0,0,0,0,0,0,1,4.666666666666667,4.458103180234289,0,0
http://www.facebook.com?ref=632,31,8,0,7,0,1,7,3,21,0,0,0,0,0,0,0,0,0,4.2,4.260332600569877,0,0
http://www.netflix.com/news?page=708,36,7,5,8,0,1,8,3,25,0,0,0,0,0,0,0,0,1,4.166666666666667,4.3847954873731325,0,0
https://www.facebook.com/news,29,8,5,0,0,1,6,0,23,0,0,0,0,0,1,0,0,1,4.6,3.909368063943885,0,0
https://www.dropbox.com/terms,29,7,6,0,0,1,6,0,23,0,0,0,0,0,1,0,0,1,4.6,3.8573068568981284,0,0
http://www.spotify.com/contact,30,7,8,0,0,1,6,0,24,0,0,0,0,0,0,0,0,1,4.8,3.7525842461721624,0,0
http://www.amazon.com/support,29,6,8,0,0,1,6,0,23,0,0,0,0,0,0,0,0,1,4.6,3.8312762533752505,0,0
https://www.google.com/support,30,6,8,0,0,1,6,0,24,0,0,0,0,0,1,0,0,1,4.8,3.8062389286533898,0,0
https://www.ibm.com/help?lang=10,32,3,5,7,0,1,8,2,22,0,0,0,0,0,1,0,0,1,3.6666666666666665,4.327819531114783,0,0
https://www.oracle.com/about,28,6,6,0,0,1,6,0,22,0,0,0,0,0,1,0,0,1,4.4,3.91379956460568,0,0
https://www.zoom.us/services?id=202,35,4,9,6,0,1,8,3,24,0,0,0,0,0,1,0,0,1,4.0,4.28614658824991,0,0
https://www.slack.com/services,30,5,9,0,0,1,6,0,24,0,0,0,0,0,1,0,0,1,4.8,3.964735178725505,0,0
https://www.linkedin.com/privacy,32,8,8,0,0,1,6,0,26,0,0,0,0,0,1,0,0,1,5.2,4.241729296672174,0,0
http://www.zoom.us/services,27,4,9,0,0,1,6,0,21,0,0,0,0,0,0,0,0,1,4.2,3.9302703722934544,0,0
https://www.twitter.com/products,32,7,9,0,0,1,6,0,26,0,0,0,0,0,1,0,0,1,5.2,3.7417292966721747,0,0
http://www.salesforce.com/privacy,33,10,8,0,0,1,6,0,27,0,0,0,0,0,0,0,0,1,5.4,4.1272831343132905,0,0
http://www.twitter.com/support,30,7,8,0,0,1,6,0,24,0,0,0,0,0,0,0,0,1,4.8,3.6062389286533896,0,0
http://www.spotify.com,22,7,0,0,0,1,5,0,17,0,0,0,0,0,0,0,0,0,4.25,3.6635327548042538,0,0
http://www.linkedin.com,23,8,0,0,0,1,5,0,18,0,0,0,0,0,0,0,0,0,4.5,3.8820451081368628,0,0
http://www.apple.com/?id=398,28,5,1,6,0,1,8,3,17,0,0,0,0,0,0,0,0,0,3.4,4.155045546825804,0,0
https://www.linkedin.com/support,32,8,8,0,0,1,6,0,26,0,0,0,0,0,1,0,0,1,5.2,4.093139062229566,0,0
https://www.twitter.com/help,28,7,5,0,0,1,6,0,22,0,0,0,0,0,1,0,0,1,4.4,3.651478922893308,0,0
https://www.dropbox.com/help,28,7,5,0,0,1,6,0,22,0,0,0,0,0,1,0,0,1,4.4,3.9137995646056796,0,0
http://www.salesforce.com/services?id=729,41,10,9,6,0,1,8,3,30,0,0,0,0,0,0,0,0,1,5.0,4.37548706543539,0,0
http://www.youtube.com/blog,27,7,5,0,0,1,6,0,21,0,0,0,0,0,0,0,0,1,4.2,3.8282375018429557,0,0
https://www.oracle.com/privacy?id=280,37,6,8,6,0,1,8,3,26,0,0,0,0,0,1,0,0,1,4.333333333333333,4.445543568156238,0,0
https://www.spotify.com/login,29,7,6,0,0,1,6,0,23,1,0,0,0,0,1,0,0,1,4.6,3.926272374139508,0,0
https://www.wikipedia.org,25,9,0,0,0,1,5,0,20,0,0,0,0,0,1,0,0,0,5.0,3.813660689688185,0,0
http://www.apple.com?page=553,29,5,0,8,0,1,7,3,19,0,0,0,0,0,0,0,0,0,3.8,4.004364184708143,0,0
http://www.twitter.com/download,31,7,9,0,0,1,6,0,25,0,0,0,0,0,0,0,0,1,5.0,3.7693880538320177,0,0
https://www.github.com/blog,27,6,5,0,0,1,6,0,21,0,0,0,0,0,1,0,0,1,4.2,3.85619629821938,0,0
http://www.wikipedia.org/contact,32,9,8,0,0,1,6,0,26,0,0,0,0,0,0,0,0,1,5.2,3.890319531114783,0,0
https://www.linkedin.com/blog,29,8,5,0,0,1,6,0,23,0,0,0,0,0,1,0,0,1,4.6,4.1162646156680225,0,0
https://www.github.com/signup,29,6,7,0,0,1,6,0,23,0,0,0,0,0,1,0,0,1,4.6,3.883337460421007,0,0
https://www.dropbox.com/signup?id=963,37,7,7,6,0,1,8,3,26,0,0,0,0,0,1,0,0,1,4.333333333333333,4.425141203232901,0,0
https://www.amazon.com/services,31,6,9,0,0,1,6,0,25,0,0,0,0,0,1,0,0,1,5.0,4.042433003725894,0,0
https://www.google.com/terms,28,6,6,0,0,1,6,0,22,0,0,0,0,0,1,0,0,1,4.4,3.7709424217485368,0,0
http://www.github.com/help,26,6,5,0,0,1,6,0,20,0,0,0,0,0,0,0,0,1,4.0,3.815072410115942,0,0
http://www.github.com/news,26,6,5,0,0,1,6,0,20,0,0,0,0,0,0,0,0,1,4.0,3.873140679513132,0,0
http://www.github.com/news?id=75,32,6,5,5,0,1,8,2,22,0,0,0,0,0,0,0,0,1,3.6666666666666665,4.265319531114783,0,0
http://www.stackoverflow.com/login,34,13,6,0,0,1,6,0,28,1,0,0,0,0,0,0,0,1,5.6,4.160704752887782,0,0
https://www.twitter.com/terms?id=220,36,7,6,6,0,1,8,3,25,0,0,0,0,0,1,0,0,1,4.166666666666667,3.9959065984842446,0,0
http://www.spotify.com/services,31,7,9,0,0,1,6,0,25,0,0,0,0,0,0,0,0,1,5.0,3.953565664946427,0,0
http://www.netflix.com/download,31,7,9,0,0,1,6,0,25,0,0,0,0,0,0,0,0,1,5.0,3.9779168746936358,0,0
http://www.ibm.com/contact,26,3,8,0,0,1,6,0,20,0,0,0,0,0,0,0,0,1,4.0,3.613337314045307,0,0
http://www.ibm.com/login?ref=788,32,3,6,7,0,1,8,3,21,1,0,0,0,0,0,0,0,1,3.5,4.327819531114783,0,0
https://www.adobe.com/products,30,5,9,0,0,1,6,0,24,0,0,0,0,0,1,0,0,1,4.8,3.9395722619867226,0,0
http://www.twitter.com/products?page=870,40,7,9,8,0,1,8,3,29,0,0,0,0,0,0,0,0,1,4.833333333333333,4.246439344671015,0,0
https://www.zoom.us/blog,24,4,5,0,0,1,6,0,18,0,0,0,0,0,1,0,0,1,3.6,3.740601562950723,0,0
http://www.linkedin.com/privacy?ref=318,39,8,8,7,0,1,8,3,28,0,0,0,0,0,0,0,0,1,4.666666666666667,4.560667282798391,0,0
https://www.github.com?id=592,29,6,0,6,0,1,7,3,19,0,0,0,0,0,1,0,0,0,3.8,4.254195650150781,0,0
https://www.google.com/blog?page=880,36,6,5,8,0,1,8,3,25,0,0,0,0,0,1,0,0,1,4.166666666666667,4.127986806877675,0,0
https://www.spotify.com/contact,31,7,8,0,0,1,6,0,25,0,0,0,0,0,1,0,0,1,5.0,3.7726095206097554,0,0
http://www.youtube.com/contact,30,7,8,0,0,1,6,0,24,0,0,0,0,0,0,0,0,1,4.8,3.7525842461721624,0,0
http://www.amazon.com/contact,29,6,8,0,0,1,6,0,23,0,0,0,0,0,0,0,0,1,4.6,3.5554141844097322,0,0
https://www.github.com/login?id=814,35,6,6,6,0,1,8,3,24,1,0,0,0,0,1,0,0,1,4.0,4.3572958738405685,0,0
http://www.ibm.com/news,23,3,5,0,0,1,6,0,17,0,0,0,0,0,0,0,0,1,3.4,3.708132064658602,0,0
https://www.github.com/about,28,6,6,0,0,1,6,0,22,0,0,0,0,0,1,0,0,1,4.4,3.8248629576173565,0,0
https://www.twitter.com/about,29,7,6,0,0,1,6,0,23,0,0,0,0,0,1,0,0,1,4.6,3.7454064259382482,0,0
https://www.apple.com/contact,29,5,8,0,0,1,6,0,23,0,0,0,0,0,1,0,0,1,4.6,3.71937582241537,0,0
https://www.apple.com/products,30,5,9,0,0,1,6,0,24,0,0,0,0,0,1,0,0,1,4.8,3.8980685120588388,0,0
https://www.youtube.com/services?id=69,38,7,9,5,0,1,8,2,28,0,0,0,0,0,1,0,0,1,4.666666666666667,4.359126526316814,0,0
http://www.slack.com/,21,5,1,0,0,1,6,0,15,0,0,0,0,0,0,0,0,0,3.75,3.6537567082870006,0,0
https://www.stackoverflow.com/contact?id=919,44,13,8,6,0,1,8,3,33,0,0,0,0,0,1,0,0,1,5.5,4.360237800987292,0,0
http://www.adobe.com/login,26,5,6,0,0,1,6,0,20,1,0,0,0,0,0,0,0,1,4.0,3.997952698660691,0,0
http://www.slack.com/login?ref=822,34,5,6,7,0,1,8,3,23,1,0,0,0,0,0,0,0,1,3.8333333333333335,4.454822399946606,0,0
https://www.stackoverflow.com/help?category=803,47,13,5,12,0,1,8,3,36,0,0,0,0,0,1,0,0,1,6.0,4.442574755794864,0,0
https://www.ibm.com/,20,3,1,0,0,1,6,0,14,0,0,0,0,0,1,0,0,0,3.5,3.5464393446710147,0,0
https://www.slack.com/blog?lang=158,35,5,5,8,0,1,8,3,24,0,0,0,0,0,1,0,0,1,4.0,4.321721231045239,0,0
http://www.slack.com/login,26,5,6,0,0,1,6,0,20,1,0,0,0,0,0,0,0,1,4.0,3.9500637564362093,0,0
http://www.google.com/terms?id=803,34,6,6,6,0,1,8,3,23,0,0,0,0,0,0,0,0,1,3.8333333333333335,4.29277019393699,0,0
http://www.twitter.com/support,30,7,8,0,0,1,6,0,24,0,0,0,0,0,0,0,0,1,4.8,3.6062389286533896,0,0
https://www.netflix.com/products,32,7,9,0,0,1,6,0,26,0,0,0,0,0,1,0,0,1,5.2,4.140319531114783,0,0
http://www.oracle.com/signup,28,6,7,0,0,1,6,0,22,0,0,0,0,0,0,0,0,1,4.4,4.110577243331642,0,0
https://www.apple.com/about?page=366,36,5,6,8,0,1,8,3,25,0,0,0,0,0,1,0,0,1,4.166666666666667,4.197159723424148,0,0
https://www.google.com/products?page=593,40,6,9,8,0,1,8,3,29,0,0,0,0,0,1,0,0,1,4.833333333333333,4.3275671571169285,0,0
https://www.facebook.com/login,30,8,6,0,0,1,6,0,24,1,0,0,0,0,1,0,0,1,4.8,4.123231428797621,0,0
http://www.wikipedia.org/login,30,9,6,0,0,1,6,0,24,1,0,0,0,0,0,0,0,1,4.8,3.8817276788697366,0,0
http://www.spotify.com/help,27,7,5,0,0,1,6,0,21,0,0,0,0,0,0,0,0,1,4.2,3.8282375018429557,0,0
https://www.oracle.com/login,28,6,6,0,0,1,6,0,22,1,0,0,0,0,1,0,0,1,4.4,4.012188403968661,0,0
https://www.oracle.com/products,31,6,9,0,0,1,6,0,25,0,0,0,0,0,1,0,0,1,5.0,3.9292144551992183,0,0
http://www.zoom.us/support?ref=856,34,4,8,7,0,1,8,3,23,0,0,0,0,0,0,0,0,1,3.8333333333333335,4.152920561520418,0,0
http://www.dropbox.com/services,31,7,9,0,0,1,6,0,25,0,0,0,0,0,0,0,0,1,5.0,4.042433003725894,0,0
http://www.github.com/help,26,6,5,0,0,1,6,0,20,0,0,0,0,0,0,0,0,1,4.0,3.815072410115942,0,0
http://www.microsoft.com/news?lang=461,38,9,5,8,0,1,8,3,27,0,0,0,0,0,0,0,0,1,4.5,4.398857447483312,0,0
http://www.dropbox.com/terms?page=67,36,7,6,7,0,1,8,2,26,0,0,0,0,0,0,0,0,1,4.333333333333333,4.287301737252941,0,0
http://www.adobe.com?lang=969,29,5,0,8,0,1,7,3,19,0,0,0,0,0,0,0,0,0,3.8,4.28022625367366,0,0
http://www.stackoverflow.com/about,34,13,6,0,0,1,6,0,28,0,0,0,0,0,0,0,0,1,5.6,4.065260267657297,0,0
http://www.youtube.com/products?category=122,44,7,9,12,0,1,8,3,33,0,0,0,0,0,0,0,0,1,5.5,4.308768198567055,0,0
http://www.dropbox.com/support,30,7,8,0,0,1,6,0,24,0,0,0,0,0,0,0,0,1,4.8,3.7647351787255054,0,0
http://www.google.com/help,26,6,5,0,0,1,6,0,20,0,0,0,0,0,0,0,0,1,4.0,3.613337314045307,0,0
https://www.spotify.com/support,31,7,8,0,0,1,6,0,25,0,0,0,0,0,1,0,0,1,5.0,3.7600172778496526,0,0
http://www.slack.com/about,26,5,6,0,0,1,6,0,20,0,0,0,0,0,0,0,0,1,4.0,3.8441065448145375,0,0
http://www.apple.com/about,26,5,6,0,0,1,6,0,20,0,0,0,0,0,0,0,0,1,4.0,3.7381493331928657,0,0
http://www.github.com/news,26,6,5,0,0,1,6,0,20,0,0,0,0,0,0,0,0,1,4.0,3.873140679513132,0,0
https://www.stackoverflow.com/login?id=734,42,13,6,6,0,1,8,3,31,1,0,0,0,0,1,0,0,1,5.166666666666667,4.5468465893424055,0,0
http://www.youtube.com/help,27,7,5,0,0,1,6,0,21,0,0,0,0,0,0,0,0,1,4.2,3.782122224145306,0,0
https://www.facebook.com/products,33,8,9,0,0,1,6,0,27,0,0,0,0,0,1,0,0,1,5.4,4.043801694853792,0,0
https://www.amazon.com/download?lang=242,40,6,9,8,0,1,8,3,29,0,0,0,0,0,1,0,0,1,4.833333333333333,4.184183719779189,0,0
http://www.wikipedia.org/services,33,9,9,0,0,1,6,0,27,0,0,0,0,0,0,0,0,1,5.4,3.9683403313485464,0,0
https://www.netflix.com/about?category=556,42,7,6,12,0,1,8,3,31,0,0,0,0,0,1,0,0,1,5.166666666666667,4.5381673518043035,0,0
http://www.twitter.com/blog,27,7,5,0,0,1,6,0,21,0,0,0,0,0,0,0,0,1,4.2,3.704349428956052,0,0
http://www.spotify.com/products?ref=985,39,7,9,7,0,1,8,3,28,0,0,0,0,0,0,0,0,1,4.666666666666667,4.3361829878711236,0,0
https://www.youtube.com/signup?ref=921,38,7,7,7,0,1,8,3,27,0,0,0,0,0,1,0,0,1,4.5,4.4842551447948,0,0
http://www.ibm.com/products?category=509,40,3,9,12,0,1,8,3,29,0,0,0,0,0,0,0,0,1,4.833333333333333,4.446439344671015,0,0
http://www.wikipedia.org/products,33,9,9,0,0,1,6,0,27,0,0,0,0,0,0,0,0,1,5.4,3.9831956342477297,0,0
https://www.zoom.us/terms,25,4,6,0,0,1,6,0,19,0,0,0,0,0,1,0,0,1,3.8,3.643074189428569,0,0
https://www.twitter.com,23,7,0,0,0,1,5,0,18,0,0,0,0,0,1,0,0,0,4.5,3.4970558484728045,0,0
https://www.twitter.com/contact?ref=4,37,7,8,5,0,1,8,1,28,0,0,0,0,0,1,0,0,1,4.666666666666667,3.98887878566327,0,0
http://www.spotify.com/login?category=546,41,7,6,12,0,1,8,3,30,1,0,0,0,0,0,0,0,1,5.0,4.442679443536938,0,0
https://www.stackoverflow.com/news,34,13,5,0,0,1,6,0,28,0,0,0,0,0,1,0,0,1,5.6,4.010133709394731,0,0
http://www.google.com/terms,27,6,6,0,0,1,6,0,21,0,0,0,0,0,0,0,0,1,4.2,3.7541634277688813,0,0
http://www.microsoft.com/services,33,9,9,0,0,1,6,0,27,0,0,0,0,0,0,0,0,1,5.4,3.876838815934793,0,0
http://www.google.com/products,30,6,9,0,0,1,6,0,24,0,0,0,0,0,0,0,0,1,4.8,3.8980685120588388,0,0
https://www.youtube.com,23,7,0,0,0,1,5,0,18,0,0,0,0,0,1,0,0,0,4.5,3.7622673906514947,0,0
https://www.salesforce.com/privacy?category=923,47,10,8,12,0,1,8,3,36,0,0,0,0,0,1,0,0,1,6.0,4.447373957692367,0,0
http://www.slack.com/services,29,5,9,0,0,1,6,0,23,0,0,0,0,0,0,0,0,1,4.6,3.995237891380887,0,0
http://www.github.com/news?page=649,35,6,5,8,0,1,8,3,24,0,0,0,0,0,0,0,0,1,4.0,4.343289445392766,0,0
https://www.wikipedia.org/blog?ref=232,38,9,5,7,0,1,8,3,27,0,0,0,0,0,1,0,0,1,4.5,4.366091329119192,0,0
http://www.google.com/login?ref=838,35,6,6,7,0,1,8,3,24,1,0,0,0,0,0,0,0,1,4.0,4.207435516759524,0,0
http://www.twitter.com/help?category=173,40,7,5,12,0,1,8,3,29,0,0,0,0,0,0,0,0,1,4.833333333333333,4.196439344671015,0,0
https://www.slack.com/contact?category=588,42,5,8,12,0,1,8,3,31,0,0,0,0,0,1,0,0,1,5.166666666666667,4.243773828551916,0,0
http://www.slack.com/help?lang=603,34,5,5,8,0,1,8,3,23,0,0,0,0,0,0,0,0,1,3.8333333333333335,4.314972767530033,0,0
http://www.ibm.com?page=881,27,3,0,8,0,1,7,3,17,0,0,0,0,0,0,0,0,0,3.4,4.134336113194452,0,0
https://www.ibm.com/support,27,3,8,0,0,1,6,0,21,0,0,0,0,0,1,0,0,1,4.2,3.754163427768882,0,0
http://www.ibm.com/help?page=837,32,3,5,8,0,1,8,3,21,0,0,0,0,0,0,0,0,1,3.5,4.241729296672174,0,0
http://www.zoom.us/blog,23,4,5,0,0,1,6,0,17,0,0,0,0,0,0,0,0,1,3.4,3.7294461949052566,0,0
http://8.8.8.8,14,7,0,0,0,0,6,4,4,0,1,0,0,0,0,0,0,0,4.0,2.610577243331642,1,1
verify.goo.gl/suspicious,24,3,24,0,0,1,3,0,21,1,0,1,0,0,0,0,0,2,5.25,3.7406015629507228,0,1
http://v.gd/malware,19,1,8,0,0,0,5,0,14,0,0,0,0,0,0,0,0,1,3.5,3.7871439606981383,0,1
http://bank.hack.com/admin.php,30,4,10,0,0,1,7,0,23,1,0,0,0,0,0,0,0,1,3.8333333333333335,3.7810760119146067,0,1
http://update.secure.banking.com?id=7336,40,7,0,7,0,2,8,4,28,3,0,0,0,0,0,0,0,0,4.666666666666667,4.515311532225102,0,1
phishing.com/login.php,22,8,22,0,0,0,3,0,19,1,0,0,0,0,0,0,0,2,4.75,3.4474015047059146,0,1
update.download.file.com?id=7994,32,4,24,7,0,2,5,4,23,1,0,0,0,0,0,0,0,1,4.6,4.140319531114783,0,1
download.file.com,17,4,17,0,0,1,2,0,15,0,0,0,0,0,0,0,0,1,5.0,3.454822399946607,0,1
update.phishing.ml,18,8,18,0,0,1,2,0,16,1,0,0,1,0,0,0,0,1,5.333333333333333,3.7254805569978675,0,1
download.172.16.0.1,19,1,19,0,0,4,4,7,8,0,1,0,0,0,0,0,0,1,8.0,3.3660913291191914,1,1
http://is.gd/evil?id=2039,25,2,5,7,0,0,7,4,14,0,0,0,0,0,0,0,0,1,2.8,4.103465189601645,0,1
update.172.16.0.1?id=9701,25,1,17,7,0,4,6,11,8,1,1,0,0,0,0,0,0,1,4.0,3.7638561897747236,1,1
http://bank.is.gd/evil?id=2025,30,2,5,7,0,1,8,4,18,1,0,0,0,0,0,0,0,1,3.0,4.32323142879762,0,1
http://secure.trojan.gq,23,6,0,0,0,1,5,0,18,1,0,0,1,0,0,0,0,0,4.5,3.9690016298759936,0,1
http://login.virus.com/download/1234567890abcdef?id=5193,56,5,26,7,0,1,9,14,33,1,0,0,0,0,0,0,0,2,4.714285714285714,4.936731930947545,0,1
bank.secure.banking.com,23,7,23,0,0,2,3,0,20,2,0,0,0,0,0,0,0,1,5.0,3.6753108689123644,0,1
update.software.com,19,8,19,0,0,1,2,0,17,1,0,0,0,0,0,0,0,1,5.666666666666667,3.7216117239699003,0,1
goo.gl/suspicious,17,3,17,0,0,0,2,0,15,0,0,1,0,0,0,0,0,2,5.0,3.1751231351134614,0,1
http://verify.verify.account-update.com,39,14,0,0,0,2,7,0,32,3,0,0,0,0,0,0,0,0,5.333333333333333,4.201692923824034,0,1
download.8.8.8.8?id=5911,24,1,16,7,0,4,6,8,10,0,1,0,0,0,0,0,0,1,5.0,3.5535088547976788,1,1
phishing.com/login.php,22,8,22,0,0,0,3,0,19,1,0,0,0,0,0,0,0,2,4.75,3.4474015047059146,0,1
hack.com/admin.php,18,4,18,0,0,0,3,0,15,0,0,0,0,0,0,0,0,2,3.75,3.5032583347756456,0,1
malware.com/download.exe,24,7,24,0,0,0,3,0,21,0,0,0,0,0,0,0,1,2,5.25,3.5739348962840563,0,1
verify.hack.com/admin.php,25,4,25,0,0,1,4,0,21,1,0,0,0,0,0,0,0,2,4.2,3.973660689688185,0,1
http://login.bank-secure.com,28,11,0,0,0,1,6,0,22,3,0,0,0,0,0,0,0,0,4.4,4.307354922057605,0,1
http://malware.com/download.exe,31,7,13,0,0,0,6,0,25,0,0,0,0,0,0,0,1,1,5.0,3.953565664946427,0,1
http://virus.cf?id=8197,23,5,0,7,0,0,6,4,13,0,0,0,1,0,0,0,0,0,3.25,4.2626923908396215,0,1
http://tinyurl.com/dangerous?id=3733,36,7,10,7,0,0,7,4,25,0,0,1,0,0,0,0,0,1,5.0,4.440351042928689,0,1
http://scam.com?link=dangerous.com,34,4,0,18,0,0,7,0,27,0,0,0,0,0,0,0,0,0,4.5,4.314972767530033,0,1
8.8.8.8?id=7747,15,7,7,7,0,0,5,8,2,0,1,0,0,0,0,0,0,1,2.0,2.739572261986723,1,1
goo.gl/suspicious?id=7244,25,3,17,7,0,0,4,4,17,0,0,1,0,0,0,0,0,2,4.25,3.8332696895151073,0,1
scam.com?link=dangerous.com?id=4749,35,4,8,26,0,0,6,4,25,0,0,0,0,0,0,0,0,1,4.166666666666667,4.207435516759524,0,1
login.infected.ga,17,8,17,0,0,1,2,0,15,1,0,0,1,0,0,0,0,1,5.0,3.4992275471326932,0,1
http://secure.v.gd/malware,26,1,8,0,0,1,6,0,20,1,0,0,0,0,0,0,0,1,4.0,4.026986833359286,0,1
http://update.scam.com?link=dangerous.com,41,4,0,18,0,1,8,0,33,1,0,0,0,0,0,0,0,0,4.714285714285714,4.32025139454538,0,1
secure.172.16.0.1,17,1,17,0,0,4,4,7,6,1,1,0,0,0,0,0,0,1,6.0,3.2195282822995477,1,1
http://scam.com?link=dangerous.com,34,4,0,18,0,0,7,0,27,0,0,0,0,0,0,0,0,0,4.5,4.314972767530033,0,1
dangerous.ml?id=4048,20,9,12,7,0,0,3,4,13,0,0,0,1,0,0,0,0,1,4.333333333333333,4.1219280948873624,0,1
download.172.16.0.1,19,1,19,0,0,4,4,7,8,0,1,0,0,0,0,0,0,1,8.0,3.3660913291191914,1,1
virus.com?goto=malicious.com,28,5,9,18,0,0,4,0,24,0,0,0,0,0,0,0,0,1,4.8,3.6689869584530603,0,1
update.virus.com?goto=malicious.com?id=4122,43,5,16,26,0,1,7,4,32,1,0,0,0,0,0,0,0,1,4.571428571428571,4.202330092304639,0,1
http://download.file.com,24,4,0,0,0,1,5,0,19,0,0,0,0,0,0,0,0,0,4.75,3.9701755214643453,0,1
malware.com/file/abc123def456,29,7,29,0,0,0,3,6,20,0,0,0,0,0,0,0,0,3,4.0,4.185230132909402,0,1
http://bank.is.gd/evil,22,2,5,0,0,1,6,0,16,1,0,0,0,0,0,0,0,1,3.2,3.9705730958116843,0,1
172.16.0.1,10,10,10,0,0,0,3,7,0,0,1,0,0,0,0,0,0,1,0.0,2.3709505944546683,1,1
http://bank.goo.gl/suspicious?id=4024,37,3,11,7,0,1,8,4,25,1,0,1,0,0,0,0,0,1,4.166666666666667,4.371087149178846,0,1
secure.trojan.com/install/a1b2c3d4e5f6,38,6,38,0,0,1,4,6,28,1,0,0,0,0,0,0,0,3,2.8,4.45148902643068,0,1
update.virus.com/install.bat?id=2083,36,5,28,7,0,1,6,4,26,1,0,0,0,0,0,0,1,2,4.333333333333333,4.41938194564637,0,1
http://download.malware.com/file/abc123def456?id=9091,53,7,18,7,0,1,9,10,34,0,0,0,0,0,0,0,0,2,4.25,4.666323048780361,0,1
verify.download.file.com,24,4,24,0,0,2,3,0,21,1,0,0,0,0,0,0,0,1,5.25,3.7720552088742005,0,1
bit.ly/malicious?id=4906,24,3,16,7,0,0,4,4,16,0,0,1,0,0,0,0,0,2,4.0,4.16829583405449,0,1
download.file.com?id=4663,25,4,17,7,0,1,4,4,17,0,0,0,0,0,0,0,0,1,4.25,3.9434651896016457,0,1
http://bank.trojan.gq?id=4707,29,6,0,7,0,1,7,4,18,1,0,0,1,0,0,0,0,0,3.6,4.349191770915039,0,1
verify.infected.ga?id=4064,26,8,18,7,0,1,4,4,18,1,0,0,1,0,0,0,0,1,4.5,4.026986833359286,0,1
tinyurl.com/dangerous,21,7,21,0,0,0,2,0,19,0,0,1,0,0,0,0,0,2,6.333333333333333,4.011365041826378,0,1
verify.login.bank-secure.com,28,11,28,0,0,2,4,0,24,4,0,0,0,0,0,0,0,1,4.8,4.110577243331641,0,1
http://update.software.com?id=6221,34,8,0,7,0,1,7,4,23,1,0,0,0,0,0,0,0,0,4.6,4.3815804883091625,0,1
phishing.ml,11,8,11,0,0,0,1,0,10,0,0,0,1,0,0,0,0,1,5.0,3.0957952550009344,0,1
bank.install.program.com?id=2352,32,7,24,7,0,2,5,4,23,1,0,0,0,0,0,0,0,1,4.6,4.265319531114783,0,1
malicious.tk?id=9597,20,9,12,7,0,0,3,4,13,0,0,0,1,0,0,0,0,1,4.333333333333333,3.9841837197791885,0,1
http://v.gd/malware,19,1,8,0,0,0,5,0,14,0,0,0,0,0,0,0,0,1,3.5,3.7871439606981383,0,1
http://verify.v.gd/malware,26,1,8,0,0,1,6,0,20,1,0,0,0,0,0,0,0,1,4.0,4.056020968057881,0,1
http://8.8.8.8?id=5877,22,7,0,7,0,0,8,8,6,0,1,0,0,0,0,0,0,0,3.0,3.4428621651554656,1,1
http://t.co/harmful?id=8252,27,1,8,7,0,0,7,4,16,0,0,0,0,0,0,0,0,1,3.2,4.254525464966176,0,1
http://login.verify.account-update.com,38,14,0,0,0,2,7,0,31,4,0,0,0,0,0,0,0,0,5.166666666666667,4.293594289588575,0,1
hacked.cf,9,6,9,0,0,0,1,0,8,0,0,0,1,0,0,0,0,1,4.0,2.94770277922009,0,1
http://dangerous.ml,19,9,0,0,0,0,4,0,15,0,0,0,1,0,0,0,0,0,5.0,4.03740119765411,0,1
virus.com/install.bat,21,5,21,0,0,0,3,0,18,0,0,0,0,0,0,0,1,2,4.5,3.8208888513501886,0,1
phishing.com/login.php?id=4899,30,8,22,7,0,0,5,4,21,1,0,0,0,0,0,0,0,2,4.2,3.9898980954642878,0,1
http://v.gd/malware?id=4041,27,1,8,7,0,0,7,4,16,0,0,0,0,0,0,0,0,1,3.2,4.282484261342601,0,1
hacked.cf,9,6,9,0,0,0,1,0,8,0,0,0,1,0,0,0,0,1,4.0,2.94770277922009,0,1
bank.hacked.cf,14,6,14,0,0,1,2,0,12,1,0,0,1,0,0,0,0,1,4.0,3.2359263506290334,0,1
http://secure.trojan.com?url=phishing.com,41,6,0,16,0,1,8,0,33,1,0,0,0,0,0,0,0,0,4.714285714285714,4.271470906740503,0,1
http://malicious.tk,19,9,0,0,0,0,4,0,15,0,0,0,1,0,0,0,0,0,5.0,3.7871439606981383,0,1
verify.hacked.cf?id=1255,24,6,16,7,0,1,4,4,16,1,0,0,1,0,0,0,0,1,4.0,4.001629167387823,0,1
hack.com/admin.php?id=8180,26,4,18,7,0,0,5,4,17,0,0,0,0,0,0,0,0,2,3.4,4.008132025833399,0,1
trojan.com?url=phishing.com,27,6,10,16,0,0,4,0,23,0,0,0,0,0,0,0,0,1,4.6,4.060262039120378,0,1
update.verify.account-update.com,32,14,32,0,0,2,4,0,28,3,0,0,0,0,0,0,0,1,5.6,3.9209585933443494,0,1
http://malware.com?redirect=evil.com,36,7,0,17,0,0,7,0,29,0,0,0,0,0,0,0,0,0,4.833333333333333,4.0860486123130375,0,1
download.trojan.com/run.cmd,27,6,27,0,0,1,4,0,23,0,0,0,0,0,0,0,1,2,4.6,3.633974075997158,0,1
http://download.file.com,24,4,0,0,0,1,5,0,19,0,0,0,0,0,0,0,0,0,4.75,3.9701755214643453,0,1
is.gd/evil,10,2,10,0,0,0,2,0,8,0,0,0,0,0,0,0,0,2,2.6666666666666665,3.121928094887362,0,1
virus.com/install.bat,21,5,21,0,0,0,3,0,18,0,0,0,0,0,0,0,1,2,4.5,3.8208888513501886,0,1
trojan.com/install/a1b2c3d4e5f6,31,6,31,0,0,0,3,6,22,0,0,0,0,0,0,0,0,3,2.4444444444444446,4.413716068381603,0,1
http://download.file.com,24,4,0,0,0,1,5,0,19,0,0,0,0,0,0,0,0,0,4.75,3.9701755214643453,0,1
v.gd/malware?id=1819,20,1,12,7,0,0,4,4,12,0,0,0,0,0,0,0,0,2,3.0,4.021928094887363,0,1
login.8.8.8.8,13,1,13,0,0,4,4,4,5,1,1,0,0,0,0,0,0,1,5.0,2.469670487371862,1,1
http://download.bit.ly/malicious,32,3,10,0,0,1,6,0,26,0,0,1,0,0,0,0,0,1,5.2,4.069548827786958,0,1
8.8.8.8?id=6173,15,7,7,7,0,0,5,8,2,0,1,0,0,0,0,0,0,1,2.0,3.0565647621309537,1,1
http://update.v.gd/malware,26,1,8,0,0,1,6,0,20,1,0,0,0,0,0,0,0,1,4.0,3.8441065448145375,0,1
update.phishing.ml?id=9107,26,8,18,7,0,1,4,4,18,1,0,0,1,0,0,0,0,1,4.5,4.2098671219040344,0,1
virus.com/install.bat?id=9054,29,5,21,7,0,0,5,4,20,0,0,0,0,0,0,0,1,2,4.0,4.349191770915039,0,1
v.gd/malware,12,1,12,0,0,0,2,0,10,0,0,0,0,0,0,0,0,2,3.3333333333333335,3.4182958340544896,0,1
virus.com?goto=malicious.com,28,5,9,18,0,0,4,0,24,0,0,0,0,0,0,0,0,1,4.8,3.6689869584530603,0,1
secure.virus.com/download/1234567890abcdef,42,5,42,0,0,1,4,10,28,1,0,0,0,0,0,0,0,3,5.6,4.653756708287002,0,1
verify.hacked.cf?id=1764,24,6,16,7,0,1,4,4,16,1,0,0,1,0,0,0,0,1,4.0,4.084962500721156,0,1
v.gd/malware,12,1,12,0,0,0,2,0,10,0,0,0,0,0,0,0,0,2,3.3333333333333335,3.4182958340544896,0,1
download.172.16.0.1,19,1,19,0,0,4,4,7,8,0,1,0,0,0,0,0,0,1,8.0,3.3660913291191914,1,1
bank.update.software.com,24,8,24,0,0,2,3,0,21,2,0,0,0,0,0,0,0,1,5.25,3.9387218755408675,0,1
update.download.file.com,24,4,24,0,0,2,3,0,21,1,0,0,0,0,0,0,0,1,5.25,3.7406015629507228,0,1
secure.hack.com/admin.php,25,4,25,0,0,1,4,0,21,1,0,0,0,0,0,0,0,2,4.2,3.863465189601646,0,1
t.co/harmful,12,1,12,0,0,0,2,0,10,0,0,0,0,0,0,0,0,2,3.3333333333333335,3.584962500721156,0,1
scam.ga?id=1326,15,4,7,7,0,0,3,4,8,0,0,0,1,0,0,0,0,1,2.6666666666666665,3.773557262275185,0,1
update.software.com,19,8,19,0,0,1,2,0,17,1,0,0,0,0,0,0,0,1,5.666666666666667,3.7216117239699003,0,1
http://bank.virus.cf,20,5,0,0,0,1,5,0,15,1,0,0,1,0,0,0,0,0,3.75,4.021928094887362,0,1
http://is.gd/evil?id=6297,25,2,5,7,0,0,7,4,14,0,0,0,0,0,0,0,0,1,2.8,4.103465189601645,0,1
secure.malware.tk,17,7,17,0,0,1,2,0,15,1,0,0,1,0,0,0,0,1,5.0,3.4548223999466066,0,1
10.0.0.1,8,8,8,0,0,0,3,5,0,0,1,0,0,0,0,0,0,1,0.0,1.561278124459133,1,1
bank.bit.ly/malicious?id=2481,29,3,21,7,0,1,5,4,20,1,0,1,0,0,0,0,0,2,4.0,4.306256857196538,0,1
secure.banking.com,18,7,18,0,0,1,2,0,16,2,0,0,0,0,0,0,0,1,5.333333333333333,3.7254805569978675,0,1
secure.trojan.com/install/a1b2c3d4e5f6,38,6,38,0,0,1,4,6,28,1,0,0,0,0,0,0,0,3,2.8,4.45148902643068,0,1
hacked.cf,9,6,9,0,0,0,1,0,8,0,0,0,1,0,0,0,0,1,4.0,2.94770277922009,0,1
secure.scam.com/verify.html?id=8777,35,4,27,7,0,1,6,4,25,2,0,0,0,0,0,0,0,2,4.166666666666667,4.278584802350183,0,1
hack.com/admin.php,18,4,18,0,0,0,3,0,15,0,0,0,0,0,0,0,0,2,3.75,3.5032583347756456,0,1
http://verify.account-update.com,32,14,0,0,0,1,6,0,26,3,0,0,0,0,0,0,0,0,5.2,4.163909765557392,0,1
infected.ga,11,8,11,0,0,0,1,0,10,0,0,0,1,0,0,0,0,1,5.0,3.277613436819116,0,1
http://bank.v.gd/malware?id=2405,32,1,8,7,0,1,8,4,20,1,0,0,0,0,0,0,0,1,3.3333333333333335,4.515319531114783,0,1
hacked.cf?id=2612,17,6,9,7,0,0,3,4,10,0,0,0,1,0,0,0,0,1,3.3333333333333335,3.734521664779752,0,1
verify.secure.banking.com?id=3818,33,7,25,7,0,2,5,4,24,3,0,0,0,0,0,0,0,1,4.8,4.369707376737532,0,1
http://verify.malware.com?redirect=evil.com,43,7,0,17,0,1,8,0,35,1,0,0,0,0,0,0,0,0,5.0,4.184774568998512,0,1
malware.com/file/abc123def456,29,7,29,0,0,0,3,6,20,0,0,0,0,0,0,0,0,3,4.0,4.185230132909402,0,1
scam.com/verify.html,20,4,20,0,0,0,3,0,17,1,0,0,0,0,0,0,0,2,4.25,3.884183719779189,0,1
is.gd/evil,10,2,10,0,0,0,2,0,8,0,0,0,0,0,0,0,0,2,2.6666666666666665,3.121928094887362,0,1
http://verify.scam.ga,21,4,0,0,0,1,5,0,16,1,0,0,1,0,0,0,0,0,4.0,4.011365041826379,0,1
virus.com/install.bat,21,5,21,0,0,0,3,0,18,0,0,0,0,0,0,0,1,2,4.5,3.8208888513501886,0,1
http://secure.v.gd/malware?id=6280,34,1,8,7,0,1,8,4,22,1,0,0,0,0,0,0,0,1,3.6666666666666665,4.51364592935837,0,1
http://scam.com?link=dangerous.com,34,4,0,18,0,0,7,0,27,0,0,0,0,0,0,0,0,0,4.5,4.314972767530033,0,1
download.bit.ly/malicious,25,3,25,0,0,1,3,0,22,0,0,1,0,0,0,0,0,2,5.5,3.833269689515107,0,1
http://bank.goo.gl/suspicious,29,3,11,0,0,1,6,0,23,1,0,1,0,0,0,0,0,1,4.6,3.9523029776623857,0,1
virus.com/install.bat,21,5,21,0,0,0,3,0,18,0,0,0,0,0,0,0,1,2,4.5,3.8208888513501886,0,1
http://verify.malware.tk,24,7,0,0,0,1,5,0,19,1,0,0,1,0,0,0,0,0,4.75,3.9701755214643453,0,1
login.t.co/harmful,18,1,18,0,0,1,3,0,15,1,0,0,0,0,0,0,0,2,3.75,3.8365916681089787,0,1
http://trojan.com/run.cmd,25,6,8,0,0,0,6,0,19,0,0,0,0,0,0,0,1,1,3.8,3.7834651896016465,0,1
http://trojan.com?url=phishing.com?id=2474,42,6,0,24,0,0,9,4,29,0,0,0,0,0,0,0,0,0,4.142857142857143,4.463280517810811,0,1
malware.com/download.exe,24,7,24,0,0,0,3,0,21,0,0,0,0,0,0,0,1,2,5.25,3.5739348962840563,0,1
secure.virus.com/install.bat,28,5,28,0,0,1,4,0,24,1,0,0,0,0,0,0,1,2,4.8,3.896291529045928,0,1
login.bank-secure.com,21,11,21,0,0,1,3,0,18,3,0,0,0,0,0,0,0,1,4.5,3.9161269465882835,0,1
login.verify.account-update.com,31,14,31,0,0,2,4,0,27,4,0,0,0,0,0,0,0,1,5.4,4.106949132758152,0,1
t.co/harmful,12,1,12,0,0,0,2,0,10,0,0,0,0,0,0,0,0,2,3.3333333333333335,3.584962500721156,0,1
10.0.0.1?id=9348,16,8,8,7,0,0,5,9,2,0,1,0,0,0,0,0,0,1,2.0,3.2806390622295662,1,1
download.malicious.tk,21,9,21,0,0,1,2,0,19,0,0,0,1,0,0,0,0,1,6.333333333333333,3.689703732199547,0,1
verify.virus.cf,15,5,15,0,0,1,2,0,13,1,0,0,1,0,0,0,0,1,4.333333333333333,3.2402239289418517,0,1
hacked.cf?id=3509,17,6,9,7,0,0,3,4,10,0,0,0,1,0,0,0,0,1,3.3333333333333335,3.8521687236032816,0,1
http://infected.ga?id=2931,26,8,0,7,0,0,6,4,16,0,0,0,1,0,0,0,0,0,4.0,4.2098671219040344,0,1
trojan.com/install/a1b2c3d4e5f6?id=6359,39,6,31,7,0,0,5,10,24,0,0,0,0,0,0,0,0,3,2.4,4.599379462396518,0,1
10.0.0.1,8,8,8,0,0,0,3,5,0,0,1,0,0,0,0,0,0,1,0.0,1.561278124459133,1,1
update.login.bank-secure.com,28,11,28,0,0,2,4,0,24,4,0,0,0,0,0,0,0,1,4.8,4.110577243331642,0,1
http://bank.172.16.0.1?id=4795,30,1,0,7,0,4,9,11,10,1,1,0,0,0,0,0,0,0,3.3333333333333335,4.2817276788697365,1,1
scam.ga?id=6806,15,4,7,7,0,0,3,4,8,0,0,0,1,0,0,0,0,1,2.6666666666666665,3.640223928941852,0,1
t.co/harmful,12,1,12,0,0,0,2,0,10,0,0,0,0,0,0,0,0,2,3.3333333333333335,3.584962500721156,0,1
8.8.8.8,7,7,7,0,0,0,3,4,0,0,1,0,0,0,0,0,0,1,0.0,0.9852281360342515,1,1
secure.banking.com?id=7822,26,7,18,7,0,1,4,4,18,2,0,0,0,0,0,0,0,1,4.5,4.238901256602629,0,1
http://bank.t.co/harmful,24,1,8,0,0,1,6,0,18,1,0,0,0,0,0,0,0,1,3.6,3.9387218755408675,0,1
http://login.malware.tk?id=3790,31,7,0,7,0,1,7,4,20,1,0,0,1,0,0,0,0,0,4.0,4.478232197413861,0,1
192.168.1.100,13,13,13,0,0,0,3,10,0,0,1,0,0,0,0,0,0,1,0.0,2.565448371820826,1,1
virus.com/install.bat,21,5,21,0,0,0,3,0,18,0,0,0,0,0,0,0,1,2,4.5,3.8208888513501886,0,1
http://tinyurl.com/dangerous,28,7,10,0,0,0,5,0,23,0,0,1,0,0,0,0,0,1,5.75,4.182005814760214,0,1
http://verify.scam.ga,21,4,0,0,0,1,5,0,16,1,0,0,1,0,0,0,0,0,4.0,4.011365041826379,0,1
http://172.16.0.1?id=5857,25,10,0,7,0,0,8,11,6,0,1,0,0,0,0,0,0,0,3.0,3.9434651896016457,1,1
http://update.bit.ly/malicious,30,3,10,0,0,1,6,0,24,1,0,1,0,0,0,0,0,1,4.8,3.9898980954642873,0,1
download.malware.com/download.exe?id=3254,41,7,33,7,0,1,6,4,31,0,0,0,0,0,0,0,1,2,5.166666666666667,4.034653688580828,0,1
http://bank.malware.com/file/abc123def456,41,7,18,0,0,1,7,6,28,1,0,0,0,0,0,0,0,2,4.0,4.5098718216384865,0,1
dangerous.ml,12,9,12,0,0,0,1,0,11,0,0,0,1,0,0,0,0,1,5.5,3.584962500721156,0,1
http://virus.cf,15,5,0,0,0,0,4,0,11,0,0,0,1,0,0,0,0,0,3.6666666666666665,3.640223928941851,0,1
update.update.software.com,26,8,26,0,0,2,3,0,23,1,0,0,0,0,0,0,0,1,5.75,3.6612262562697886,0,1
download.update.software.com?id=7266,36,8,28,7,0,2,5,4,27,1,0,0,0,0,0,0,0,1,5.4,4.2390979179887855,0,1
http://secure.phishing.com/login.php?id=3692,44,8,10,7,0,1,9,4,31,2,0,0,0,0,0,0,0,1,4.428571428571429,4.379664004902593,0,1
bank.phishing.com/login.php?id=4741,35,8,27,7,0,1,6,4,25,2,0,0,0,0,0,0,0,2,4.166666666666667,4.185867302411997,0,1
download.hack.com/admin.php,27,4,27,0,0,1,4,0,23,0,0,0,0,0,0,0,0,2,4.6,3.680089353694807,0,1
http://update.10.0.0.1,22,1,0,0,0,4,7,5,10,1,1,0,0,0,0,0,0,0,5.0,3.3908054820769817,1,1
install.program.com,19,7,19,0,0,1,2,0,17,0,0,0,0,0,0,0,0,1,5.666666666666667,3.616348566075164,0,1
t.co/harmful?id=7730,20,1,12,7,0,0,4,4,12,0,0,0,0,0,0,0,0,2,3.0,4.221928094887362,0,1
login.bank-secure.com,21,11,21,0,0,1,3,0,18,3,0,0,0,0,0,0,0,1,4.5,3.9161269465882835,0,1
http://download.hacked.cf?id=2421,33,6,0,7,0,1,7,4,22,0,0,0,1,0,0,0,0,0,4.4,4.317121392085727,0,1
virus.com?goto=malicious.com?id=7820,36,5,9,26,0,0,6,4,26,0,0,0,0,0,0,0,0,1,4.333333333333333,4.083274571476652,0,1
hack.com/admin.php,18,4,18,0,0,0,3,0,15,0,0,0,0,0,0,0,0,2,3.75,3.5032583347756456,0,1
http://bank.bit.ly/malicious,28,3,10,0,0,1,6,0,22,1,0,1,0,0,0,0,0,1,4.4,4.012188403968661,0,1
v.gd/malware,12,1,12,0,0,0,2,0,10,0,0,0,0,0,0,0,0,2,3.3333333333333335,3.4182958340544896,0,1
secure.virus.com?goto=malicious.com,35,5,16,18,0,1,5,0,30,1,0,0,0,0,0,0,0,1,5.0,3.7754522173662757,0,1
bank.trojan.com?url=phishing.com?id=2357,40,6,15,24,0,1,7,4,29,1,0,0,0,0,0,0,0,1,4.142857142857143,4.496439344671016,0,1
http://download.malicious.tk,28,9,0,0,0,1,5,0,23,0,0,0,1,0,0,0,0,0,5.75,4.039148671903071,0,1
infected.ga,11,8,11,0,0,0,1,0,10,0,0,0,1,0,0,0,0,1,5.0,3.277613436819116,0,1
http://install.program.com,26,7,0,0,0,1,5,0,21,0,0,0,0,0,0,0,0,0,5.25,3.902174814211728,0,1
bank.t.co/harmful,17,1,17,0,0,1,3,0,14,1,0,0,0,0,0,0,0,2,3.5,3.8521687236032816,0,1
http://bank.download.file.com?id=2274,37,4,0,7,0,2,8,4,25,1,0,0,0,0,0,0,0,0,4.166666666666667,4.445543568156237,0,1
http://verify.t.co/harmful,26,1,8,0,0,1,6,0,20,1,0,0,0,0,0,0,0,1,4.0,4.026986833359286,0,1
secure.is.gd/evil?id=5497,25,2,17,7,0,1,5,4,16,1,0,0,0,0,0,0,0,2,3.2,4.023465189601645,0,1
http://scam.com/verify.html,27,4,12,0,0,0,6,0,21,1,0,0,0,0,0,0,0,1,4.2,4.004344446367528,0,1
http://secure.malware.com?redirect=evil.com,43,7,0,17,0,1,8,0,35,1,0,0,0,0,0,0,0,0,5.0,4.129184812590067,0,1
verify.tinyurl.com/dangerous,28,7,28,0,0,1,3,0,25,1,0,1,0,0,0,0,0,2,6.25,4.137537511266052,0,1
http://malware.com?redirect=evil.com?id=5259,44,7,0,25,0,0,9,4,31,0,0,0,0,0,0,0,0,0,4.428571428571429,4.328194402482357,0,1
virus.com/download/1234567890abcdef,35,5,35,0,0,0,3,10,22,0,0,0,0,0,0,0,0,3,5.5,4.686146588249908,0,1
bit.ly/malicious,16,3,16,0,0,0,2,0,14,0,0,1,0,0,0,0,0,2,4.666666666666667,3.577819531114783,0,1
http://login.malicious.tk,25,9,0,0,0,1,5,0,20,1,0,0,1,0,0,0,0,0,5.0,3.9434651896016457,0,1
http://bank.trojan.com/run.cmd,30,6,8,0,0,1,7,0,23,1,0,0,0,0,0,0,1,1,3.8333333333333335,3.939572261986722,0,1
login.goo.gl/suspicious,23,3,23,0,0,1,3,0,20,1,0,1,0,0,0,0,0,2,5.0,3.2946635862096043,0,1
bank.virus.cf,13,5,13,0,0,1,2,0,11,1,0,0,1,0,0,0,0,1,3.6666666666666665,3.5465935642949384,0,1
update.8.8.8.8?id=2266,22,1,14,7,0,4,6,8,8,1,1,0,0,0,0,0,0,1,4.0,3.459431618637297,1,1
verify.virus.cf,15,5,15,0,0,1,2,0,13,1,0,0,1,0,0,0,0,1,4.333333333333333,3.2402239289418517,0,1
install.program.com,19,7,19,0,0,1,2,0,17,0,0,0,0,0,0,0,0,1,5.666666666666667,3.616348566075164,0,1
http://malicious.tk?id=9999,27,9,0,7,0,0,6,4,17,0,0,0,1,0,0,0,0,0,4.25,4.032303242743954,0,1
login.virus.com/install.bat,27,5,27,0,0,1,4,0,23,1,0,0,0,0,0,0,1,2,4.6,3.8561962982193805,0,1
install.program.com,19,7,19,0,0,1,2,0,17,0,0,0,0,0,0,0,0,1,5.666666666666667,3.616348566075164,0,1
malware.com/download.exe,24,7,24,0,0,0,3,0,21,0,0,0,0,0,0,0,1,2,5.25,3.5739348962840563,0,1
virus.com?goto=malicious.com?id=5015,36,5,9,26,0,0,6,4,26,0,0,0,0,0,0,0,0,1,4.333333333333333,4.027719015921097,0,1
scam.com/verify.html,20,4,20,0,0,0,3,0,17,1,0,0,0,0,0,0,0,2,4.25,3.884183719779189,0,1
secure.bit.ly/malicious,23,3,23,0,0,1,3,0,20,1,0,1,0,0,0,0,0,2,5.0,3.7950885863977324,0,1
malicious.tk,12,9,12,0,0,0,1,0,11,0,0,0,1,0,0,0,0,1,5.5,3.418295834054489,0,1
http://scam.ga?id=8127,22,4,0,7,0,0,6,4,12,0,0,0,1,0,0,0,0,0,3.0,4.186704345910023,0,1
172.16.0.1,10,10,10,0,0,0,3,7,0,0,1,0,0,0,0,0,0,1,0.0,2.3709505944546683,1,1
virus.com/install.bat,21,5,21,0,0,0,3,0,18,0,0,0,0,0,0,0,1,2,4.5,3.8208888513501886,0,1
trojan.gq,9,6,9,0,0,0,1,0,8,0,0,0,1,0,0,0,0,1,4.0,3.169925001442312,0,1
virus.com/download/1234567890abcdef,35,5,35,0,0,0,3,10,22,0,0,0,0,0,0,0,0,3,5.5,4.686146588249908,0,1
http://login.scam.com/verify.html,33,4,12,0,0,1,7,0,26,2,0,0,0,0,0,0,0,1,4.333333333333333,4.165013816065913,0,1
virus.com?goto=malicious.com,28,5,9,18,0,0,4,0,24,0,0,0,0,0,0,0,0,1,4.8,3.6689869584530603,0,1
virus.com/download/1234567890abcdef?id=9791,43,5,35,7,0,0,5,14,24,0,0,0,0,0,0,0,0,3,4.8,4.739990917392168,0,1
172.16.0.1?id=1070,18,10,10,7,0,0,5,11,2,0,1,0,0,0,0,0,0,1,2.0,3.086048612313038,1,1
login.hacked.cf?id=1662,23,6,15,7,0,1,4,4,15,1,0,0,1,0,0,0,0,1,3.75,4.088779347361362,0,1
virus.com/install.bat,21,5,21,0,0,0,3,0,18,0,0,0,0,0,0,0,1,2,4.5,3.8208888513501886,0,1
secure.goo.gl/suspicious?id=1895,32,3,24,7,0,1,5,4,23,1,0,1,0,0,0,0,0,2,4.6,4.054229296672174,0,1
http://scam.ga,14,4,0,0,0,0,4,0,10,0,0,0,1,0,0,0,0,0,3.3333333333333335,3.378783493486176,0,1
http://update.dangerous.ml?id=1916,34,9,0,7,0,1,7,4,23,1,0,0,1,0,0,0,0,0,4.6,4.39599887053484,0,1
http://login.v.gd/malware,25,1,8,0,0,1,6,0,19,1,0,0,0,0,0,0,0,1,3.8,4.053660689688185,0,1
http://bit.ly/malicious?id=3563,31,3,10,7,0,0,7,4,20,0,0,1,0,0,0,0,0,1,4.0,4.260332600569877,0,1
http://scam.ga?id=1792,22,4,0,7,0,0,6,4,12,0,0,0,1,0,0,0,0,0,3.0,4.186704345910023,0,1
bank.trojan.com/run.cmd,23,6,23,0,0,1,4,0,19,1,0,0,0,0,0,0,1,2,3.8,3.6753108689123644,0,1
http://malware.tk?id=1109,25,7,0,7,0,0,6,4,15,0,0,0,1,0,0,0,0,0,3.75,4.213660689688184,0,1
http://login.is.gd/evil?id=5636,31,2,5,7,0,1,8,4,19,1,0,0,0,0,0,0,0,1,3.1666666666666665,4.155651552252569,0,1
http://verify.8.8.8.8,21,1,0,0,0,4,7,4,10,1,1,0,0,0,0,0,0,0,5.0,3.4399364703978077,1,1
bank.infected.ga?id=6728,24,8,16,7,0,1,4,4,16,1,0,0,1,0,0,0,0,1,4.0,4.084962500721157,0,1
http://verify.account-update.com,32,14,0,0,0,1,6,0,26,3,0,0,0,0,0,0,0,0,5.2,4.163909765557392,0,1
http://update.software.com?id=4377,34,8,0,7,0,1,7,4,23,1,0,0,0,0,0,0,0,0,4.6,4.381580488309163,0,1
update.hack.com/admin.php,25,4,25,0,0,1,4,0,21,1,0,0,0,0,0,0,0,2,4.2,3.7532696895151076,0,1
http://192.168.1.100,20,13,0,0,0,0,6,10,4,0,1,0,0,0,0,0,0,0,4.0,3.384183719779189,1,1
http://virus.com/download/1234567890abcdef?id=8401,50,5,26,7,0,0,8,14,28,0,0,0,0,0,0,0,0,2,4.666666666666667,4.908758439731455,0,1
http://login.bank-secure.com,28,11,0,0,0,1,6,0,22,3,0,0,0,0,0,0,0,0,4.4,4.307354922057605,0,1
bank.verify.account-update.com?id=6595,38,14,30,7,0,2,6,4,28,4,0,0,0,0,0,0,0,1,4.666666666666667,4.45148902643068,0,1
scam.com/verify.html,20,4,20,0,0,0,3,0,17,1,0,0,0,0,0,0,0,2,4.25,3.884183719779189,0,1
http://verify.malicious.tk,26,9,0,0,0,1,5,0,21,1,0,0,1,0,0,0,0,0,5.25,4.18083298720544,0,1
8.8.8.8,7,7,7,0,0,0,3,4,0,0,1,0,0,0,0,0,0,1,0.0,0.9852281360342515,1,1
malware.com/file/abc123def456,29,7,29,0,0,0,3,6,20,0,0,0,0,0,0,0,0,3,4.0,4.185230132909402,0,1
http://secure.bit.ly/malicious,30,3,10,0,0,1,6,0,24,1,0,1,0,0,0,0,0,1,4.8,4.031401845392171,0,1
secure.virus.com/download/1234567890abcdef?id=7941,50,5,42,7,0,1,6,14,30,1,0,0,0,0,0,0,0,3,5.0,4.758562939644917,0,1
download.install.program.com,28,7,28,0,0,2,3,0,25,0,0,0,0,0,0,0,0,1,6.25,3.7264741182543752,0,1
secure.dangerous.ml,19,9,19,0,0,1,2,0,17,1,0,0,1,0,0,0,0,1,5.666666666666667,3.576617644908665,0,1
v.gd/malware?id=6061,20,1,12,7,0,0,4,4,12,0,0,0,0,0,0,0,0,2,3.0,4.021928094887363,0,1
http://t.co/harmful,19,1,8,0,0,0,5,0,14,0,0,0,0,0,0,0,0,1,3.5,3.642149881636903,0,1
10.0.0.1,8,8,8,0,0,0,3,5,0,0,1,0,0,0,0,0,0,1,0.0,1.561278124459133,1,1
install.program.com,19,7,19,0,0,1,2,0,17,0,0,0,0,0,0,0,0,1,5.666666666666667,3.616348566075164,0,1
t.co/harmful?id=4716,20,1,12,7,0,0,4,4,12,0,0,0,0,0,0,0,0,2,3.0,4.321928094887363,0,1
install.program.com,19,7,19,0,0,1,2,0,17,0,0,0,0,0,0,0,0,1,5.666666666666667,3.616348566075164,0,1
v.gd/malware,12,1,12,0,0,0,2,0,10,0,0,0,0,0,0,0,0,2,3.3333333333333335,3.4182958340544896,0,1
http://bank.trojan.com/run.cmd?id=5818,38,6,8,7,0,1,9,4,25,1,0,0,0,0,0,0,1,1,3.5714285714285716,4.378991986900062,0,1
hack.com/admin.php,18,4,18,0,0,0,3,0,15,0,0,0,0,0,0,0,0,2,3.75,3.5032583347756456,0,1
trojan.com?url=phishing.com,27,6,10,16,0,0,4,0,23,0,0,0,0,0,0,0,0,1,4.6,4.060262039120378,0,1
http://is.gd/evil?id=6424,25,2,5,7,0,0,7,4,14,0,0,0,0,0,0,0,0,1,2.8,4.023465189601646,0,1
http://login.phishing.com/login.php,35,8,10,0,0,1,7,0,28,1,0,0,0,0,0,0,0,1,4.666666666666667,3.650013373778756,0,1
secure.banking.com?id=3562,26,7,18,7,0,1,4,4,18,2,0,0,0,0,0,0,0,1,4.5,4.315824333525707,0,1
http://download.hacked.cf,25,6,0,0,0,1,5,0,20,0,0,0,1,0,0,0,0,0,5.0,3.893660689688185,0,1
login.malware.com/download.exe?id=9520,38,7,30,7,0,1,6,4,28,1,0,0,0,0,0,0,1,2,4.666666666666667,4.201231789474709,0,1
http://login.tinyurl.com/dangerous,34,7,10,0,0,1,6,0,28,1,0,1,0,0,0,0,0,1,5.6,4.175123135113461,0,1
secure.malware.tk?id=4228,25,7,17,7,0,1,4,4,17,1,0,0,1,0,0,0,0,1,4.25,4.133660689688185,0,1
http://trojan.com/run.cmd,25,6,8,0,0,0,6,0,19,0,0,0,0,0,0,0,1,1,3.8,3.7834651896016465,0,1
http://verify.scam.com/verify.html?id=9493,42,4,12,7,0,1,9,4,29,1,0,0,0,0,0,0,0,1,4.142857142857143,4.445307005854539,0,1
trojan.gq,9,6,9,0,0,0,1,0,8,0,0,0,1,0,0,0,0,1,4.0,3.169925001442312,0,1
virus.cf,8,5,8,0,0,0,1,0,7,0,0,0,1,0,0,0,0,1,3.5,3.0,0,1
login.trojan.com/install/a1b2c3d4e5f6,37,6,37,0,0,1,4,6,27,1,0,0,0,0,0,0,0,3,2.7,4.425141203232901,0,1
http://trojan.com?url=phishing.com,34,6,0,16,0,0,7,0,27,0,0,0,0,0,0,0,0,0,4.5,4.197325708706504,0,1
http://virus.com?goto=malicious.com?id=6416,43,5,0,26,0,0,9,4,30,0,0,0,0,0,0,0,0,0,4.285714285714286,4.31290887142472,0,1
http://secure.is.gd/evil,24,2,5,0,0,1,6,0,18,1,0,0,0,0,0,0,0,1,3.6,3.855388542207534,0,1
secure.virus.com/install.bat,28,5,28,0,0,1,4,0,24,1,0,0,0,0,0,0,1,2,4.8,3.896291529045928,0,1
http://download.file.com,24,4,0,0,0,1,5,0,19,0,0,0,0,0,0,0,0,0,4.75,3.9701755214643453,0,1
malicious.tk?id=1236,20,9,12,7,0,0,3,4,13,0,0,0,1,0,0,0,0,1,4.333333333333333,4.084183719779189,0,1
download.bit.ly/malicious,25,3,25,0,0,1,3,0,22,0,0,1,0,0,0,0,0,2,5.5,3.833269689515107,0,1
trojan.com?url=phishing.com,27,6,10,16,0,0,4,0,23,0,0,0,0,0,0,0,0,1,4.6,4.060262039120378,0,1
download.is.gd/evil,19,2,19,0,0,1,3,0,16,0,0,0,0,0,0,0,0,2,4.0,3.576617644908665,0,1
secure.trojan.com/run.cmd?id=7037,33,6,25,7,0,1,6,4,23,1,0,0,0,0,0,0,1,2,3.8333333333333335,4.187889194919351,0,1
dangerous.ml,12,9,12,0,0,0,1,0,11,0,0,0,1,0,0,0,0,1,5.5,3.584962500721156,0,1
virus.com?goto=malicious.com,28,5,9,18,0,0,4,0,24,0,0,0,0,0,0,0,0,1,4.8,3.6689869584530603,0,1
virus.cf?id=6912,16,5,8,7,0,0,3,4,9,0,0,0,1,0,0,0,0,1,3.0,3.875,0,1
trojan.com?url=phishing.com,27,6,10,16,0,0,4,0,23,0,0,0,0,0,0,0,0,1,4.6,4.060262039120378,0,1
verify.is.gd/evil,17,2,17,0,0,1,3,0,14,1,0,0,0,0,0,0,0,2,3.5,3.4548223999466066,0,1
http://malicious.tk?id=4717,27,9,0,7,0,0,6,4,17,0,0,0,1,0,0,0,0,0,4.25,4.254525464966176,0,1
verify.malware.com/download.exe?id=5999,39,7,31,7,0,1,6,4,29,1,0,0,0,0,0,0,1,2,4.833333333333333,4.214262795507958,0,1
http://secure.malware.com/download.exe,38,7,13,0,0,1,7,0,31,1,0,0,0,0,0,0,1,1,5.166666666666667,4.073475132309619,0,1
http://infected.ga?id=2448,26,8,0,7,0,0,6,4,16,0,0,0,1,0,0,0,0,0,4.0,4.132944044980958,0,1
http://bank.trojan.com/install/a1b2c3d4e5f6?id=7879,51,6,21,7,0,1,9,10,32,1,0,0,0,0,0,0,0,2,2.6666666666666665,4.794878528203586,0,1
bank.phishing.com/login.php?id=8075,35,8,27,7,0,1,6,4,25,2,0,0,0,0,0,0,0,2,4.166666666666667,4.243010159554854,0,1
secure.install.program.com,26,7,26,0,0,2,3,0,23,1,0,0,0,0,0,0,0,1,5.75,3.7962176025900556,0,1
http://update.malware.com/file/abc123def456,43,7,18,0,0,1,7,6,30,1,0,0,0,0,0,0,0,2,4.285714285714286,4.431965045349459,0,1
update.software.com,19,8,19,0,0,1,2,0,17,1,0,0,0,0,0,0,0,1,5.666666666666667,3.7216117239699003,0,1
malware.com?redirect=evil.com,29,7,11,17,0,0,4,0,25,0,0,0,0,0,0,0,0,1,5.0,3.7454064259382482,0,1
tinyurl.com/dangerous,21,7,21,0,0,0,2,0,19,0,0,1,0,0,0,0,0,2,6.333333333333333,4.011365041826378,0,1
update.login.bank-secure.com?id=4537,36,11,28,7,0,2,6,4,26,4,0,0,0,0,0,0,0,1,4.333333333333333,4.516875695766563,0,1
virus.cf?id=2978,16,5,8,7,0,0,3,4,9,0,0,0,1,0,0,0,0,1,3.0,3.875,0,1
bank.malware.com/download.exe,29,7,29,0,0,1,4,0,25,1,0,0,0,0,0,0,1,2,5.0,3.745406425938248,0,1
bank.hack.com/admin.php,23,4,23,0,0,1,4,0,19,1,0,0,0,0,0,0,0,2,3.8,3.5883543471732335,0,1
phishing.ml,11,8,11,0,0,0,1,0,10,0,0,0,1,0,0,0,0,1,5.0,3.0957952550009344,0,1
trojan.gq,9,6,9,0,0,0,1,0,8,0,0,0,1,0,0,0,0,1,4.0,3.169925001442312,0,1
t.co/harmful?id=2532,20,1,12,7,0,0,4,4,12,0,0,0,0,0,0,0,0,2,3.0,4.221928094887362,0,1
secure.scam.com?link=dangerous.com?id=5273,42,4,15,26,0,1,7,4,31,1,0,0,0,0,0,0,0,1,4.428571428571429,4.254830815378347,0,1
download.secure.banking.com,27,7,27,0,0,2,3,0,24,2,0,0,0,0,0,0,0,1,6.0,3.930270372293455,0,1
virus.com?goto=malicious.com,28,5,9,18,0,0,4,0,24,0,0,0,0,0,0,0,0,1,4.8,3.6689869584530603,0,1
http://login.scam.ga,20,4,0,0,0,1,5,0,15,1,0,0,1,0,0,0,0,0,3.75,3.8219280948873617,0,1
malware.com?redirect=evil.com,29,7,11,17,0,0,4,0,25,0,0,0,0,0,0,0,0,1,5.0,3.7454064259382482,0,1
http://login.verify.account-update.com,38,14,0,0,0,2,7,0,31,4,0,0,0,0,0,0,0,0,5.166666666666667,4.293594289588575,0,1
http://verify.account-update.com,32,14,0,0,0,1,6,0,26,3,0,0,0,0,0,0,0,0,5.2,4.163909765557392,0,1
malware.com/download.exe,24,7,24,0,0,0,3,0,21,0,0,0,0,0,0,0,1,2,5.25,3.5739348962840563,0,1
10.0.0.1,8,8,8,0,0,0,3,5,0,0,1,0,0,0,0,0,0,1,0.0,1.561278124459133,1,1
http://v.gd/malware?id=2354,27,1,8,7,0,0,7,4,16,0,0,0,0,0,0,0,0,1,3.2,4.3565583354166755,0,1
http://verify.malware.com/download.exe,38,7,13,0,0,1,7,0,31,1,0,0,0,0,0,0,1,1,5.166666666666667,4.221097250057957,0,1
http://secure.infected.ga?id=3823,33,8,0,7,0,1,7,4,22,1,0,0,1,0,0,0,0,0,4.4,4.294246013232288,0,1
verify.tinyurl.com/dangerous?id=3886,36,7,28,7,0,1,5,4,27,1,0,1,0,0,0,0,0,2,5.4,4.461320140211007,0,1
http://bank.malware.com/download.exe,36,7,13,0,0,1,7,0,29,1,0,0,0,0,0,0,1,1,4.833333333333333,4.0860486123130375,0,1
http://update.t.co/harmful,26,1,8,0,0,1,6,0,20,1,0,0,0,0,0,0,0,1,4.0,3.8252517372886503,0,1
virus.cf,8,5,8,0,0,0,1,0,7,0,0,0,1,0,0,0,0,1,3.5,3.0,0,1
bank.infected.ga?id=8881,24,8,16,7,0,1,4,4,16,1,0,0,1,0,0,0,0,1,4.0,3.8868421881310122,0,1
http://verify.account-update.com?id=7298,40,14,0,7,0,1,8,4,28,3,0,0,0,0,0,0,0,0,4.666666666666667,4.553055907333276,0,1
http://192.168.1.100,20,13,0,0,0,0,6,10,4,0,1,0,0,0,0,0,0,0,4.0,3.384183719779189,1,1
http://172.16.0.1?id=6138,25,10,0,7,0,0,8,11,6,0,1,0,0,0,0,0,0,0,3.0,3.893660689688185,1,1
http://download.172.16.0.1?id=3829,34,1,0,7,0,4,9,11,14,0,1,0,0,0,0,0,0,0,4.666666666666667,4.337175341123076,1,1
phishing.com/login.php,22,8,22,0,0,0,3,0,19,1,0,0,0,0,0,0,0,2,4.75,3.4474015047059146,0,1
http://bank.scam.ga,19,4,0,0,0,1,5,0,14,1,0,0,1,0,0,0,0,0,3.5,3.6818808028034016,0,1
http://bank.virus.com?goto=malicious.com,40,5,0,18,0,1,8,0,32,1,0,0,0,0,0,0,0,0,4.571428571428571,4.2373261452560085,0,1
update.is.gd/evil,17,2,17,0,0,1,3,0,14,1,0,0,0,0,0,0,0,2,3.5,3.6168746059562227,0,1
download.malware.com/file/abc123def456?id=7042,46,7,38,7,0,1,6,10,30,0,0,0,0,0,0,0,0,3,4.285714285714286,4.474330162437656,0,1
infected.ga,11,8,11,0,0,0,1,0,10,0,0,0,1,0,0,0,0,1,5.0,3.277613436819116,0,1
http://secure.banking.com?id=1406,33,7,0,7,0,1,7,4,22,2,0,0,0,0,0,0,0,0,4.4,4.620151695116031,0,1
trojan.gq,9,6,9,0,0,0,1,0,8,0,0,0,1,0,0,0,0,1,4.0,3.169925001442312,0,1
download.trojan.com/run.cmd,27,6,27,0,0,1,4,0,23,0,0,0,0,0,0,0,1,2,4.6,3.633974075997158,0,1
http://update.8.8.8.8?id=5085,29,1,0,7,0,4,9,8,12,1,1,0,0,0,0,0,0,0,4.0,3.741962789037908,1,1
download.trojan.com/install/a1b2c3d4e5f6?id=1765,48,6,40,7,0,1,6,10,32,0,0,0,0,0,0,0,0,3,2.909090909090909,4.55350885479768,0,1
http://verify.bit.ly/malicious?id=8772,38,3,10,7,0,1,8,4,26,1,0,1,0,0,0,0,0,1,4.333333333333333,4.481627106107697,0,1
install.program.com?id=4622,27,7,19,7,0,1,4,4,19,0,0,0,0,0,0,0,0,1,4.75,4.162294909570877,0,1
192.168.1.100,13,13,13,0,0,0,3,10,0,0,1,0,0,0,0,0,0,1,0.0,2.565448371820826,1,1
trojan.gq,9,6,9,0,0,0,1,0,8,0,0,0,1,0,0,0,0,1,4.0,3.169925001442312,0,1
bank.malware.com/file/abc123def456,34,7,34,0,0,1,4,6,24,1,0,0,0,0,0,0,0,3,4.0,4.300554385304355,0,1
phishing.com/login.php,22,8,22,0,0,0,3,0,19,1,0,0,0,0,0,0,0,2,4.75,3.4474015047059146,0,1
verify.virus.cf?id=1846,23,5,15,7,0,1,4,4,15,1,0,0,1,0,0,0,0,1,3.75,3.969001629875993,0,1
malware.com?redirect=evil.com?id=8251,37,7,11,25,0,0,6,4,27,0,0,0,0,0,0,0,0,1,4.5,4.100816878908575,0,1
http://login.malicious.tk,25,9,0,0,0,1,5,0,20,1,0,0,1,0,0,0,0,0,5.0,3.9434651896016457,0,1
http://login.virus.com?goto=malicious.com,41,5,0,18,0,1,8,0,33,1,0,0,0,0,0,0,0,0,4.714285714285714,4.076348955520991,0,1
malware.com?redirect=evil.com,29,7,11,17,0,0,4,0,25,0,0,0,0,0,0,0,0,1,5.0,3.7454064259382482,0,1
trojan.gq,9,6,9,0,0,0,1,0,8,0,0,0,1,0,0,0,0,1,4.0,3.169925001442312,0,1
http://secure.dangerous.ml,26,9,0,0,0,1,5,0,21,1,0,0,1,0,0,0,0,0,5.25,4.056020968057881,0,1
http://secure.phishing.ml,25,8,0,0,0,1,5,0,20,1,0,0,1,0,0,0,0,0,5.0,3.8936606896881845,0,1
http://malware.com/file/abc123def456,36,7,18,0,0,0,6,6,24,0,0,0,0,0,0,0,0,2,4.0,4.405764584655452,0,1
http://bank.login.bank-secure.com,33,11,0,0,0,2,7,0,26,3,0,0,0,0,0,0,0,0,4.333333333333333,4.27137063437885,0,1
secure.trojan.com?url=phishing.com?id=3819,42,6,17,24,0,1,7,4,31,1,0,0,0,0,0,0,0,1,4.428571428571429,4.445307005854538,0,1
http://trojan.com/install/a1b2c3d4e5f6,38,6,21,0,0,0,6,6,26,0,0,0,0,0,0,0,0,2,2.6,4.491219947597179,0,1
t.co/harmful,12,1,12,0,0,0,2,0,10,0,0,0,0,0,0,0,0,2,3.3333333333333335,3.584962500721156,0,1
http://trojan.com/run.cmd?id=4602,33,6,8,7,0,0,8,4,21,0,0,0,0,0,0,0,1,1,3.5,4.331976694984911,0,1
trojan.gq,9,6,9,0,0,0,1,0,8,0,0,0,1,0,0,0,0,1,4.0,3.169925001442312,0,1
infected.ga,11,8,11,0,0,0,1,0,10,0,0,0,1,0,0,0,0,1,5.0,3.277613436819116,0,1
bank.scam.com?link=dangerous.com?id=3944,40,4,13,26,0,1,7,4,29,1,0,0,0,0,0,0,0,1,4.142857142857143,4.258694969562842,0,1
http://10.0.0.1,15,8,0,0,0,0,6,5,4,0,1,0,0,0,0,0,0,0,4.0,2.872905595320056,1,1
http://virus.com/install.bat,28,5,12,0,0,0,6,0,22,0,0,0,0,0,0,0,1,1,4.4,3.99468036840891,0,1
http://virus.com/download/1234567890abcdef?id=3664,50,5,26,7,0,0,8,14,28,0,0,0,0,0,0,0,0,2,4.666666666666667,4.893660689688187,0,1
http://login.bank-secure.com?id=5397,36,11,0,7,0,1,8,4,24,3,0,0,0,0,0,0,0,0,4.0,4.725480556997867,0,1
virus.com/download/1234567890abcdef?id=8774,43,5,35,7,0,0,5,14,24,0,0,0,0,0,0,0,0,3,4.8,4.739990917392168,0,1
http://login.goo.gl/suspicious,30,3,11,0,0,1,6,0,24,1,0,1,0,0,0,0,0,1,4.8,3.6729055953200556,0,1
http://virus.com/download/1234567890abcdef?id=3982,50,5,26,7,0,0,8,14,28,0,0,0,0,0,0,0,0,2,4.666666666666667,4.908758439731455,0,1
http://secure.virus.com/download/1234567890abcdef,49,5,26,0,0,1,7,10,32,1,0,0,0,0,0,0,0,2,5.333333333333333,4.818392496999823,0,1
download.file.com,17,4,17,0,0,1,2,0,15,0,0,0,0,0,0,0,0,1,5.0,3.454822399946607,0,1
scam.com?link=dangerous.com?id=3653,35,4,8,26,0,0,6,4,25,0,0,0,0,0,0,0,0,1,4.166666666666667,4.207435516759524,0,1
http://malicious.tk,19,9,0,0,0,0,4,0,15,0,0,0,1,0,0,0,0,0,5.0,3.7871439606981383,0,1
172.16.0.1,10,10,10,0,0,0,3,7,0,0,1,0,0,0,0,0,0,1,0.0,2.3709505944546683,1,1
hack.com/admin.php?id=8540,26,4,18,7,0,0,5,4,17,0,0,0,0,0,0,0,0,2,3.4,4.085055102756476,0,1
phishing.com/login.php,22,8,22,0,0,0,3,0,19,1,0,0,0,0,0,0,0,2,4.75,3.4474015047059146,0,1
scam.ga?id=6833,15,4,7,7,0,0,3,4,8,0,0,0,1,0,0,0,0,1,2.6666666666666665,3.640223928941852,0,1
secure.dangerous.ml,19,9,19,0,0,1,2,0,17,1,0,0,1,0,0,0,0,1,5.666666666666667,3.576617644908665,0,1
http://verify.scam.ga,21,4,0,0,0,1,5,0,16,1,0,0,1,0,0,0,0,0,4.0,4.011365041826379,0,1
verify.account-update.com?id=1950,33,14,25,7,0,1,5,4,24,3,0,0,0,0,0,0,0,1,4.8,4.41545813444441,0,1
login.10.0.0.1,14,1,14,0,0,4,4,5,5,1,1,0,0,0,0,0,0,1,5.0,2.7534343861887853,1,1
verify.trojan.gq,16,6,16,0,0,1,2,0,14,1,0,0,1,0,0,0,0,1,4.666666666666667,3.75,0,1
download.malware.com/download.exe,33,7,33,0,0,1,4,0,29,0,0,0,0,0,0,0,1,2,5.8,3.5101762259314633,0,1
http://secure.virus.cf?id=6658,30,5,0,7,0,1,7,4,19,1,0,0,1,0,0,0,0,0,3.8,4.240223928941852,0,1
http://192.168.1.100,20,13,0,0,0,0,6,10,4,0,1,0,0,0,0,0,0,0,4.0,3.384183719779189,1,1
bank.malware.com?redirect=evil.com,34,7,16,17,0,1,5,0,29,1,0,0,0,0,0,0,0,1,4.833333333333333,3.9764499732851237,0,1
malware.com/file/abc123def456?id=1182,37,7,29,7,0,0,5,10,22,0,0,0,0,0,0,0,0,3,3.6666666666666665,4.391489514102184,0,1
login.download.file.com,23,4,23,0,0,2,3,0,20,1,0,0,0,0,0,0,0,1,5.0,3.501397825434103,0,1
http://malware.com/download.exe?id=5682,39,7,13,7,0,0,8,4,27,0,0,0,0,0,0,0,1,1,4.5,4.419391000636162,0,1
http://hacked.cf,16,6,0,0,0,0,4,0,12,0,0,0,1,0,0,0,0,0,4.0,3.5,0,1
tinyurl.com/dangerous,21,7,21,0,0,0,2,0,19,0,0,1,0,0,0,0,0,2,6.333333333333333,4.011365041826378,0,1
malware.com?redirect=evil.com,29,7,11,17,0,0,4,0,25,0,0,0,0,0,0,0,0,1,5.0,3.7454064259382482,0,1
virus.com?goto=malicious.com,28,5,9,18,0,0,4,0,24,0,0,0,0,0,0,0,0,1,4.8,3.6689869584530603,0,1
http://scam.com?link=dangerous.com,34,4,0,18,0,0,7,0,27,0,0,0,0,0,0,0,0,0,4.5,4.314972767530033,0,1
secure.phishing.ml,18,8,18,0,0,1,2,0,16,1,0,0,1,0,0,0,0,1,5.333333333333333,3.6143694458867563,0,1
download.virus.com?goto=malicious.com,37,5,18,18,0,1,5,0,32,0,0,0,0,0,0,0,0,1,5.333333333333333,3.894020001762542,0,1
http://secure.banking.com,25,7,0,0,0,1,5,0,20,2,0,0,0,0,0,0,0,0,5.0,4.163856189774723,0,1
trojan.com/run.cmd,18,6,18,0,0,0,3,0,15,0,0,0,0,0,0,0,1,2,3.75,3.503258334775645,0,1
http://login.bank-secure.com,28,11,0,0,0,1,6,0,22,3,0,0,0,0,0,0,0,0,4.4,4.307354922057605,0,1
infected.ga?id=6290,19,8,11,7,0,0,3,4,12,0,0,0,1,0,0,0,0,1,4.0,3.932138039759373,0,1
bit.ly/malicious,16,3,16,0,0,0,2,0,14,0,0,1,0,0,0,0,0,2,4.666666666666667,3.577819531114783,0,1
trojan.com/run.cmd,18,6,18,0,0,0,3,0,15,0,0,0,0,0,0,0,1,2,3.75,3.503258334775645,0,1
http://secure.malware.com/download.exe,38,7,13,0,0,1,7,0,31,1,0,0,0,0,0,0,1,1,5.166666666666667,4.073475132309619,0,1
verify.172.16.0.1,17,1,17,0,0,4,4,7,6,1,1,0,0,0,0,0,0,1,6.0,3.337175341123077,1,1
http://bit.ly/malicious?id=2224,31,3,10,7,0,0,7,4,20,0,0,1,0,0,0,0,0,1,4.0,4.17146526179041,0,1
http://virus.com/install.bat,28,5,12,0,0,0,6,0,22,0,0,0,0,0,0,0,1,1,4.4,3.99468036840891,0,1
secure.banking.com,18,7,18,0,0,1,2,0,16,2,0,0,0,0,0,0,0,1,5.333333333333333,3.7254805569978675,0,1
hacked.cf,9,6,9,0,0,0,1,0,8,0,0,0,1,0,0,0,0,1,4.0,2.94770277922009,0,1
infected.ga,11,8,11,0,0,0,1,0,10,0,0,0,1,0,0,0,0,1,5.0,3.277613436819116,0,1
http://bank.infected.ga,23,8,0,0,0,1,5,0,18,1,0,0,1,0,0,0,0,0,4.5,3.882045108136863,0,1
malware.com?redirect=evil.com,29,7,11,17,0,0,4,0,25,0,0,0,0,0,0,0,0,1,5.0,3.7454064259382482,0,1
http://infected.ga,18,8,0,0,0,0,4,0,14,0,0,0,1,0,0,0,0,0,4.666666666666667,3.6835423624332306,0,1
tinyurl.com/dangerous,21,7,21,0,0,0,2,0,19,0,0,1,0,0,0,0,0,2,6.333333333333333,4.011365041826378,0,1
download.8.8.8.8?id=5040,24,1,16,7,0,4,6,8,10,0,1,0,0,0,0,0,0,1,5.0,3.5535088547976788,1,1
verify.login.bank-secure.com,28,11,28,0,0,2,4,0,24,4,0,0,0,0,0,0,0,1,4.8,4.110577243331641,0,1
v.gd/malware,12,1,12,0,0,0,2,0,10,0,0,0,0,0,0,0,0,2,3.3333333333333335,3.4182958340544896,0,1
login.malware.com?redirect=evil.com,35,7,17,17,0,1,5,0,30,1,0,0,0,0,0,0,0,1,5.0,3.8925912307979864,0,1
http://malware.com/download.exe,31,7,13,0,0,0,6,0,25,0,0,0,0,0,0,0,1,1,5.0,3.953565664946427,0,1
http://bank.malware.com/download.exe?id=3650,44,7,13,7,0,1,9,4,31,1,0,0,0,0,0,0,1,1,4.428571428571429,4.510012584300538,0,1
dangerous.ml,12,9,12,0,0,0,1,0,11,0,0,0,1,0,0,0,0,1,5.5,3.584962500721156,0,1
hack.com/admin.php,18,4,18,0,0,0,3,0,15,0,0,0,0,0,0,0,0,2,3.75,3.5032583347756456,0,1
secure.bit.ly/malicious,23,3,23,0,0,1,3,0,20,1,0,1,0,0,0,0,0,2,5.0,3.7950885863977324,0,1
http://tinyurl.com/dangerous?id=5957,36,7,10,7,0,0,7,4,25,0,0,1,0,0,0,0,0,1,5.0,4.516875695766563,0,1
http://download.phishing.ml?id=9348,35,8,0,7,0,1,7,4,24,0,0,0,1,0,0,0,0,0,4.8,4.321721231045239,0,1
http://update.verify.account-update.com,39,14,0,0,0,2,7,0,32,3,0,0,0,0,0,0,0,0,5.333333333333333,4.102351821748976,0,1
secure.10.0.0.1,15,1,15,0,0,4,4,5,6,1,1,0,0,0,0,0,0,1,6.0,2.7898980954642876,1,1
verify.login.bank-secure.com,28,11,28,0,0,2,4,0,24,4,0,0,0,0,0,0,0,1,4.8,4.110577243331641,0,1
bank.goo.gl/suspicious,22,3,22,0,0,1,3,0,19,1,0,1,0,0,0,0,0,2,4.75,3.663532754804254,0,1
login.update.software.com,25,8,25,0,0,2,3,0,22,2,0,0,0,0,0,0,0,1,5.5,4.023465189601646,0,1
virus.com?goto=malicious.com,28,5,9,18,0,0,4,0,24,0,0,0,0,0,0,0,0,1,4.8,3.6689869584530603,0,1
secure.8.8.8.8?id=5057,22,1,14,7,0,4,6,8,8,1,1,0,0,0,0,0,0,1,4.0,3.5503407095463873,1,1
http://malware.com?redirect=evil.com,36,7,0,17,0,0,7,0,29,0,0,0,0,0,0,0,0,0,4.833333333333333,4.0860486123130375,0,1
trojan.com/run.cmd?id=7913,26,6,18,7,0,0,5,4,17,0,0,0,0,0,0,0,1,2,3.4,4.161978179679553,0,1
secure.malware.tk,17,7,17,0,0,1,2,0,15,1,0,0,1,0,0,0,0,1,5.0,3.4548223999466066,0,1
update.10.0.0.1?id=4266,23,1,15,7,0,4,6,9,8,1,1,0,0,0,0,0,0,1,4.0,3.708132064658602,1,1
http://dangerous.ml,19,9,0,0,0,0,4,0,15,0,0,0,1,0,0,0,0,0,5.0,4.03740119765411,0,1
http://scam.com/verify.html,27,4,12,0,0,0,6,0,21,1,0,0,0,0,0,0,0,1,4.2,4.004344446367528,0,1
http://v.gd/malware?id=7203,27,1,8,7,0,0,7,4,16,0,0,0,0,0,0,0,0,1,3.2,4.3565583354166755,0,1
malware.tk,10,7,10,0,0,0,1,0,9,0,0,0,1,0,0,0,0,1,4.5,3.121928094887362,0,1
malware.com/download.exe,24,7,24,0,0,0,3,0,21,0,0,0,0,0,0,0,1,2,5.25,3.5739348962840563,0,1
update.is.gd/evil,17,2,17,0,0,1,3,0,14,1,0,0,0,0,0,0,0,2,3.5,3.6168746059562227,0,1
http://tinyurl.com/dangerous,28,7,10,0,0,0,5,0,23,0,0,1,0,0,0,0,0,1,5.75,4.182005814760214,0,1
http://update.hacked.cf,23,6,0,0,0,1,5,0,18,1,0,0,1,0,0,0,0,0,4.5,3.6211755429194716,0,1
http://trojan.com?url=phishing.com?id=5533,42,6,0,24,0,0,9,4,29,0,0,0,0,0,0,0,0,0,4.142857142857143,4.415661470191764,0,1
download.scam.com/verify.html,29,4,29,0,0,1,4,0,25,1,0,0,0,0,0,0,0,2,5.0,4.090234012145145,0,1
install.program.com,19,7,19,0,0,1,2,0,17,0,0,0,0,0,0,0,0,1,5.666666666666667,3.616348566075164,0,1
http://secure.phishing.com/login.php?id=5687,44,8,10,7,0,1,9,4,31,2,0,0,0,0,0,0,0,1,4.428571428571429,4.379664004902593,0,1
http://malware.com?redirect=evil.com,36,7,0,17,0,0,7,0,29,0,0,0,0,0,0,0,0,0,4.833333333333333,4.0860486123130375,0,1
hack.com/admin.php,18,4,18,0,0,0,3,0,15,0,0,0,0,0,0,0,0,2,3.75,3.5032583347756456,0,1
download.malware.com?redirect=evil.com,38,7,20,17,0,1,5,0,33,0,0,0,0,0,0,0,0,1,5.5,3.8457113946239994,0,1
trojan.com?url=phishing.com?id=2491,35,6,10,24,0,0,6,4,25,0,0,0,0,0,0,0,0,1,4.166666666666667,4.400432302535624,0,1
192.168.1.100?id=5592,21,13,13,7,0,0,5,14,2,0,1,0,0,0,0,0,0,1,2.0,3.4039894464852614,1,1
http://secure.infected.ga,25,8,0,0,0,1,5,0,20,1,0,0,1,0,0,0,0,0,5.0,3.8936606896881845,0,1
download.trojan.com?url=phishing.com,36,6,19,16,0,1,5,0,31,0,0,0,0,0,0,0,0,1,5.166666666666667,4.138830127032207,0,1
update.trojan.gq,16,6,16,0,0,1,2,0,14,1,0,0,1,0,0,0,0,1,4.666666666666667,3.625,0,1
http://verify.trojan.com/run.cmd,32,6,8,0,0,1,7,0,25,1,0,0,0,0,0,0,1,1,4.166666666666667,4.155639062229566,0,1
dangerous.ml,12,9,12,0,0,0,1,0,11,0,0,0,1,0,0,0,0,1,5.5,3.584962500721156,0,1
http://172.16.0.1,17,10,0,0,0,0,6,7,4,0,1,0,0,0,0,0,0,0,4.0,3.2927701939369904,1,1
bank.8.8.8.8,12,1,12,0,0,4,4,4,4,1,1,0,0,0,0,0,0,1,4.0,2.251629167387823,1,1
http://secure.hack.com/admin.php?id=2921,40,4,10,7,0,1,9,4,27,1,0,0,0,0,0,0,0,1,3.857142857142857,4.377567157116929,0,1
http://secure.infected.ga,25,8,0,0,0,1,5,0,20,1,0,0,1,0,0,0,0,0,5.0,3.8936606896881845,0,1
bank.bit.ly/malicious,21,3,21,0,0,1,3,0,18,1,0,1,0,0,0,0,0,2,4.5,3.784941827437642,0,1
http://bank.scam.com?link=dangerous.com?id=1592,47,4,0,26,0,1,10,4,33,1,0,0,0,0,0,0,0,0,4.125,4.607156404592941,0,1
verify.trojan.com/run.cmd,25,6,25,0,0,1,4,0,21,1,0,0,0,0,0,0,1,2,4.2,3.9434651896016466,0,1
verify.download.file.com,24,4,24,0,0,2,3,0,21,1,0,0,0,0,0,0,0,1,5.25,3.7720552088742005,0,1
download.virus.com?goto=malicious.com,37,5,18,18,0,1,5,0,32,0,0,0,0,0,0,0,0,1,5.333333333333333,3.894020001762542,0,1
bank.dangerous.ml,17,9,17,0,0,1,2,0,15,1,0,0,1,0,0,0,0,1,5.0,3.734521664779752,0,1
http://update.t.co/harmful?id=1746,34,1,8,7,0,1,8,4,22,1,0,0,0,0,0,0,0,1,3.6666666666666665,4.359377914716119,0,1
http://bank.phishing.com/login.php?id=2291,42,8,10,7,0,1,9,4,29,2,0,0,0,0,0,0,0,1,4.142857142857143,4.290777839290894,0,1
8.8.8.8?id=9820,15,7,7,7,0,0,5,8,2,0,1,0,0,0,0,0,0,1,2.0,2.815922063835166,1,1
tinyurl.com/dangerous,21,7,21,0,0,0,2,0,19,0,0,1,0,0,0,0,0,2,6.333333333333333,4.011365041826378,0,1
virus.com/install.bat,21,5,21,0,0,0,3,0,18,0,0,0,0,0,0,0,1,2,4.5,3.8208888513501886,0,1
bank.download.file.com?id=1749,30,4,22,7,0,2,5,4,21,1,0,0,0,0,0,0,0,1,4.2,4.164735178725505,0,1
login.scam.com?link=dangerous.com,33,4,14,18,0,1,5,0,28,1,0,0,0,0,0,0,0,1,4.666666666666667,3.9225895736416696,0,1
http://login.trojan.com?url=phishing.com?id=4919,48,6,0,24,0,1,10,4,34,1,0,0,0,0,0,0,0,0,4.25,4.4387218755408675,0,1
verify.trojan.com?url=phishing.com,34,6,17,16,0,1,5,0,29,1,0,0,0,0,0,0,0,1,4.833333333333333,4.29277019393699,0,1
hack.com/admin.php,18,4,18,0,0,0,3,0,15,0,0,0,0,0,0,0,0,2,3.75,3.5032583347756456,0,1
http://secure.phishing.ml?id=6037,33,8,0,7,0,1,7,4,22,1,0,0,1,0,0,0,0,0,4.4,4.392582755590972,0,1
trojan.com/run.cmd,18,6,18,0,0,0,3,0,15,0,0,0,0,0,0,0,1,2,3.75,3.503258334775645,0,1
bank.172.16.0.1,15,1,15,0,0,4,4,7,4,1,1,0,0,0,0,0,0,1,4.0,3.0565647621309537,1,1
malware.com/download.exe,24,7,24,0,0,0,3,0,21,0,0,0,0,0,0,0,1,2,5.25,3.5739348962840563,0,1
bank.hack.com/admin.php?id=4357,31,4,23,7,0,1,6,4,21,1,0,0,0,0,0,0,0,2,3.5,4.1313003425053605,0,1
tinyurl.com/dangerous,21,7,21,0,0,0,2,0,19,0,0,1,0,0,0,0,0,2,6.333333333333333,4.011365041826378,0,1
http://malicious.tk?id=8203,27,9,0,7,0,0,6,4,17,0,0,0,1,0,0,0,0,0,4.25,4.32859953904025,0,1
http://download.trojan.com/install/a1b2c3d4e5f6,47,6,21,0,0,1,7,6,34,0,0,0,0,0,0,0,0,2,3.090909090909091,4.485127947284225,0,1
http://install.program.com,26,7,0,0,0,1,5,0,21,0,0,0,0,0,0,0,0,0,5.25,3.902174814211728,0,1
scam.ga,7,4,7,0,0,0,1,0,6,0,0,0,1,0,0,0,0,1,3.0,2.5216406363433186,0,1
phishing.ml,11,8,11,0,0,0,1,0,10,0,0,0,1,0,0,0,0,1,5.0,3.0957952550009344,0,1
http://update.software.com,26,8,0,0,0,1,5,0,21,1,0,0,0,0,0,0,0,0,5.25,3.931208948910322,0,1
192.168.1.100,13,13,13,0,0,0,3,10,0,0,1,0,0,0,0,0,0,1,0.0,2.565448371820826,1,1
virus.com?goto=malicious.com?id=4465,36,5,9,26,0,0,6,4,26,0,0,0,0,0,0,0,0,1,4.333333333333333,4.027719015921097,0,1
update.virus.com/install.bat,28,5,28,0,0,1,4,0,24,1,0,0,0,0,0,0,1,2,4.8,4.012188403968661,0,1
http://secure.login.bank-secure.com,35,11,0,0,0,2,7,0,28,3,0,0,0,0,0,0,0,0,4.666666666666667,4.229003731107053,0,1
http://phishing.ml,18,8,0,0,0,0,4,0,14,0,0,0,1,0,0,0,0,0,4.666666666666667,3.4613201402110083,0,1
http://update.infected.ga,25,8,0,0,0,1,5,0,20,1,0,0,1,0,0,0,0,0,5.0,3.733660689688185,0,1
virus.com?goto=malicious.com,28,5,9,18,0,0,4,0,24,0,0,0,0,0,0,0,0,1,4.8,3.6689869584530603,0,1
login.scam.com/verify.html,26,4,26,0,0,1,4,0,22,2,0,0,0,0,0,0,0,2,4.4,4.0269868333592855,0,1
update.10.0.0.1,15,1,15,0,0,4,4,5,6,1,1,0,0,0,0,0,0,1,6.0,2.9232314287976213,1,1
verify.secure.banking.com,25,7,25,0,0,2,3,0,22,3,0,0,0,0,0,0,0,1,5.5,3.9434651896016457,0,1
is.gd/evil,10,2,10,0,0,0,2,0,8,0,0,0,0,0,0,0,0,2,2.6666666666666665,3.121928094887362,0,1
172.16.0.1,10,10,10,0,0,0,3,7,0,0,1,0,0,0,0,0,0,1,0.0,2.3709505944546683,1,1
virus.com/install.bat?id=4901,29,5,21,7,0,0,5,4,20,0,0,0,0,0,0,0,1,2,4.0,4.349191770915039,0,1
http://scam.com?link=dangerous.com,34,4,0,18,0,0,7,0,27,0,0,0,0,0,0,0,0,0,4.5,4.314972767530033,0,1
verify.goo.gl/suspicious?id=6560,32,3,24,7,0,1,5,4,23,1,0,1,0,0,0,0,0,2,4.6,4.202819531114783,0,1
http://virus.com/install.bat?id=9547,36,5,12,7,0,0,8,4,24,0,0,0,0,0,0,0,1,1,4.0,4.461320140211007,0,1
http://update.software.com,26,8,0,0,0,1,5,0,21,1,0,0,0,0,0,0,0,0,5.25,3.931208948910322,0,1
virus.com?goto=malicious.com?id=7821,36,5,9,26,0,0,6,4,26,0,0,0,0,0,0,0,0,1,4.333333333333333,4.083274571476652,0,1
